[    2591ms] [INFO] %cDownload the React DevTools for a better development experience: https://reactjs.org/link/react-devtools font-weight:bold @ webpack-internal:///(app-pages-browser)/./node_modules/next/dist/compiled/react-dom/cjs/react-dom.development.js:38559
[    2657ms] [ERROR] Failed to load resource: the server responded with a status of 404 (Not Found) @ http://localhost:3001/favicon.ico:0
[    7923ms] [WARNING] The width(0) and height(0) of chart should be greater than 0,
       please check the style of container, or the props width(100%) and height(100%),
       or add a minWidth(0) or minHeight(undefined) or use aspect(undefined) to control the
       height and width. @ webpack-internal:///(app-pages-browser)/./node_modules/recharts/es6/util/LogUtils.js:18
[    7923ms] [WARNING] The width(0) and height(0) of chart should be greater than 0,
       please check the style of container, or the props width(100%) and height(100%),
       or add a minWidth(0) or minHeight(undefined) or use aspect(undefined) to control the
       height and width. @ webpack-internal:///(app-pages-browser)/./node_modules/recharts/es6/util/LogUtils.js:18
[    7924ms] [WARNING] The width(0) and height(0) of chart should be greater than 0,
       please check the style of container, or the props width(100%) and height(100%),
       or add a minWidth(0) or minHeight(undefined) or use aspect(undefined) to control the
       height and width. @ webpack-internal:///(app-pages-browser)/./node_modules/recharts/es6/util/LogUtils.js:18
[    7924ms] [WARNING] The width(0) and height(0) of chart should be greater than 0,
       please check the style of container, or the props width(100%) and height(100%),
       or add a minWidth(0) or minHeight(undefined) or use aspect(undefined) to control the
       height and width. @ webpack-internal:///(app-pages-browser)/./node_modules/recharts/es6/util/LogUtils.js:18
[  426169ms] [LOG] [Fast Refresh] rebuilding @ webpack-internal:///(app-pages-browser)/./node_modules/next/dist/client/components/react-dev-overlay/app/hot-reloader-client.js:186
[  426539ms] [LOG] [Fast Refresh] done in 372ms @ webpack-internal:///(app-pages-browser)/./node_modules/next/dist/client/components/react-dev-overlay/app/hot-reloader-client.js:43
[  426544ms] [WARNING] The width(0) and height(0) of chart should be greater than 0,
       please check the style of container, or the props width(100%) and height(100%),
       or add a minWidth(0) or minHeight(undefined) or use aspect(undefined) to control the
       height and width. @ webpack-internal:///(app-pages-browser)/./node_modules/recharts/es6/util/LogUtils.js:18
[  426544ms] [WARNING] The width(0) and height(0) of chart should be greater than 0,
       please check the style of container, or the props width(100%) and height(100%),
       or add a minWidth(0) or minHeight(undefined) or use aspect(undefined) to control the
       height and width. @ webpack-internal:///(app-pages-browser)/./node_modules/recharts/es6/util/LogUtils.js:18
[  426545ms] [WARNING] The width(0) and height(0) of chart should be greater than 0,
       please check the style of container, or the props width(100%) and height(100%),
       or add a minWidth(0) or minHeight(undefined) or use aspect(undefined) to control the
       height and width. @ webpack-internal:///(app-pages-browser)/./node_modules/recharts/es6/util/LogUtils.js:18
[  426545ms] [WARNING] The width(0) and height(0) of chart should be greater than 0,
       please check the style of container, or the props width(100%) and height(100%),
       or add a minWidth(0) or minHeight(undefined) or use aspect(undefined) to control the
       height and width. @ webpack-internal:///(app-pages-browser)/./node_modules/recharts/es6/util/LogUtils.js:18
[  426590ms] [ERROR] Warning: Cannot update a component (`%s`) while rendering a different component (`%s`). To locate the bad setState() call inside `%s`, follow the stack trace as described in https://reactjs.org/link/setstate-in-render%s HotReload PriceChart PriceChart 
    at PriceChart (webpack-internal:///(app-pages-browser)/./components/PriceChart.tsx:284:11)
    at div
    at MarketDashboard (webpack-internal:///(app-pages-browser)/./components/MarketDashboard.tsx:19:76)
    at BailoutToCSR (webpack-internal:///(app-pages-browser)/./node_modules/next/dist/shared/lib/lazy-dynamic/dynamic-bailout-to-csr.js:13:11)
    at Suspense
    at LoadableComponent (Server)
    at Suspense
    at section
    at div
    at TabShell (webpack-internal:///(app-pages-browser)/./components/TabShell.tsx:14:11)
    at div
    at HomePage (Server)
    at InnerLayoutRouter (webpack-internal:///(app-pages-browser)/./node_modules/next/dist/client/components/layout-router.js:242:11)
    at RedirectErrorBoundary (webpack-internal:///(app-pages-browser)/./node_modules/next/dist/client/components/redirect-boundary.js:74:9)
    at RedirectBoundary (webpack-internal:///(app-pages-browser)/./node_modules/next/dist/client/components/redirect-boundary.js:82:11)
    at NotFoundErrorBoundary (webpack-internal:///(app-pages-browser)/./node_modules/next/dist/client/components/not-found-boundary.js:76:9)
    at NotFoundBoundary (webpack-internal:///(app-pages-browser)/./node_modules/next/dist/client/components/not-found-boundary.js:84:11)
    at LoadingBoundary (webpack-internal:///(app-pages-browser)/./node_modules/next/dist/client/components/layout-router.js:346:11)
    at ErrorBoundary (webpack-internal:///(app-pages-browser)/./node_modules/next/dist/client/components/error-boundary.js:160:11)
    at InnerScrollAndFocusHandler (webpack-internal:///(app-pages-browser)/./node_modules/next/dist/client/components/layout-router.js:152:9)
    at ScrollAndFocusHandler (webpack-internal:///(app-pages-browser)/./node_modules/next/dist/client/components/layout-router.js:227:11)
    at RenderFromTemplateContext (webpack-internal:///(app-pages-browser)/./node_modules/next/dist/client/components/render-from-template-context.js:16:44)
    at OuterLayoutRouter (webpack-internal:///(app-pages-browser)/./node_modules/next/dist/client/components/layout-router.js:367:11)
    at body
    at html
    at RootLayout (Server)
    at RedirectErrorBoundary (webpack-internal:///(app-pages-browser)/./node_modules/next/dist/client/components/redirect-boundary.js:74:9)
    at RedirectBoundary (webpack-internal:///(app-pages-browser)/./node_modules/next/dist/client/components/redirect-boundary.js:82:11)
    at NotFoundErrorBoundary (webpack-internal:///(app-pages-browser)/./node_modules/next/dist/client/components/not-found-boundary.js:76:9)
    at NotFoundBoundary (webpack-internal:///(app-pages-browser)/./node_modules/next/dist/client/components/not-found-boundary.js:84:11)
    at DevRootNotFoundBoundary (webpack-internal:///(app-pages-browser)/./node_modules/next/dist/client/components/dev-root-not-found-boundary.js:33:11)
    at ReactDevOverlay (webpack-internal:///(app-pages-browser)/./node_modules/next/dist/client/components/react-dev-overlay/app/ReactDevOverlay.js:87:9)
    at HotReload (webpack-internal:///(app-pages-browser)/./node_modules/next/dist/client/components/react-dev-overlay/app/hot-reloader-client.js:321:11)
    at Router (webpack-internal:///(app-pages-browser)/./node_modules/next/dist/client/components/app-router.js:207:11)
    at ErrorBoundaryHandler (webpack-internal:///(app-pages-browser)/./node_modules/next/dist/client/components/error-boundary.js:113:9)
    at ErrorBoundary (webpack-internal:///(app-pages-browser)/./node_modules/next/dist/client/components/error-boundary.js:160:11)
    at AppRouter (webpack-internal:///(app-pages-browser)/./node_modules/next/dist/client/components/app-router.js:577:13)
    at ServerRoot (webpack-internal:///(app-pages-browser)/./node_modules/next/dist/client/app-index.js:112:27)
    at Root (webpack-internal:///(app-pages-browser)/./node_modules/next/dist/client/app-index.js:117:11) @ webpack-internal:///(app-pages-browser)/./node_modules/next/dist/client/app-index.js:32
[  426669ms] ReferenceError: Legend is not defined
    at PriceChart (webpack-internal:///(app-pages-browser)/./components/PriceChart.tsx:526:105)
    at renderWithHooks (webpack-internal:///(app-pages-browser)/./node_modules/next/dist/compiled/react-dom/cjs/react-dom.development.js:11121:18)
    at updateFunctionComponent (webpack-internal:///(app-pages-browser)/./node_modules/next/dist/compiled/react-dom/cjs/react-dom.development.js:16290:20)
    at beginWork$1 (webpack-internal:///(app-pages-browser)/./node_modules/next/dist/compiled/react-dom/cjs/react-dom.development.js:18472:16)
    at HTMLUnknownElement.callCallback (webpack-internal:///(app-pages-browser)/./node_modules/next/dist/compiled/react-dom/cjs/react-dom.development.js:20565:14)
    at Object.invokeGuardedCallbackImpl (webpack-internal:///(app-pages-browser)/./node_modules/next/dist/compiled/react-dom/cjs/react-dom.development.js:20614:16)
    at invokeGuardedCallback (webpack-internal:///(app-pages-browser)/./node_modules/next/dist/compiled/react-dom/cjs/react-dom.development.js:20689:29)
    at beginWork (webpack-internal:///(app-pages-browser)/./node_modules/next/dist/compiled/react-dom/cjs/react-dom.development.js:26949:7)
    at performUnitOfWork (webpack-internal:///(app-pages-browser)/./node_modules/next/dist/compiled/react-dom/cjs/react-dom.development.js:25748:12)
    at workLoopSync (webpack-internal:///(app-pages-browser)/./node_modules/next/dist/compiled/react-dom/cjs/react-dom.development.js:25464:5)
    at renderRootSync (webpack-internal:///(app-pages-browser)/./node_modules/next/dist/compiled/react-dom/cjs/react-dom.development.js:25419:7)
    at performSyncWorkOnRoot (webpack-internal:///(app-pages-browser)/./node_modules/next/dist/compiled/react-dom/cjs/react-dom.development.js:24887:20)
    at flushSyncWorkAcrossRoots_impl (webpack-internal:///(app-pages-browser)/./node_modules/next/dist/compiled/react-dom/cjs/react-dom.development.js:7758:13)
    at flushSyncWorkOnAllRoots (webpack-internal:///(app-pages-browser)/./node_modules/next/dist/compiled/react-dom/cjs/react-dom.development.js:7718:3)
    at flushSync$1 (webpack-internal:///(app-pages-browser)/./node_modules/next/dist/compiled/react-dom/cjs/react-dom.development.js:24999:7)
    at Object.scheduleRefresh (webpack-internal:///(app-pages-browser)/./node_modules/next/dist/compiled/react-dom/cjs/react-dom.development.js:27285:5)
    at eval (webpack-internal:///(app-pages-browser)/./node_modules/next/dist/compiled/react-refresh/cjs/react-refresh-runtime.development.js:265:17)
    at Set.forEach (<anonymous>)
    at Object.performReactRefresh (webpack-internal:///(app-pages-browser)/./node_modules/next/dist/compiled/react-refresh/cjs/react-refresh-runtime.development.js:254:26)
    at applyUpdate (webpack-internal:///(app-pages-browser)/./node_modules/next/dist/compiled/@next/react-refresh-utils/dist/internal/helpers.js:139:31)
    at statusHandler (webpack-internal:///(app-pages-browser)/./node_modules/next/dist/compiled/@next/react-refresh-utils/dist/internal/helpers.js:156:13)
    at setStatus (http://localhost:3001/_next/static/chunks/webpack.js?v=1779826267671:508:55)
    at http://localhost:3001/_next/static/chunks/webpack.js?v=1779826267671:678:21
[  426669ms] ReferenceError: Legend is not defined
    at PriceChart (webpack-internal:///(app-pages-browser)/./components/PriceChart.tsx:526:105)
    at renderWithHooks (webpack-internal:///(app-pages-browser)/./node_modules/next/dist/compiled/react-dom/cjs/react-dom.development.js:11121:18)
    at updateFunctionComponent (webpack-internal:///(app-pages-browser)/./node_modules/next/dist/compiled/react-dom/cjs/react-dom.development.js:16290:20)
    at beginWork$1 (webpack-internal:///(app-pages-browser)/./node_modules/next/dist/compiled/react-dom/cjs/react-dom.development.js:18472:16)
    at beginWork (webpack-internal:///(app-pages-browser)/./node_modules/next/dist/compiled/react-dom/cjs/react-dom.development.js:26927:14)
    at performUnitOfWork (webpack-internal:///(app-pages-browser)/./node_modules/next/dist/compiled/react-dom/cjs/react-dom.development.js:25748:12)
    at workLoopSync (webpack-internal:///(app-pages-browser)/./node_modules/next/dist/compiled/react-dom/cjs/react-dom.development.js:25464:5)
    at renderRootSync (webpack-internal:///(app-pages-browser)/./node_modules/next/dist/compiled/react-dom/cjs/react-dom.development.js:25419:7)
    at performSyncWorkOnRoot (webpack-internal:///(app-pages-browser)/./node_modules/next/dist/compiled/react-dom/cjs/react-dom.development.js:24887:20)
    at flushSyncWorkAcrossRoots_impl (webpack-internal:///(app-pages-browser)/./node_modules/next/dist/compiled/react-dom/cjs/react-dom.development.js:7758:13)
    at flushSyncWorkOnAllRoots (webpack-internal:///(app-pages-browser)/./node_modules/next/dist/compiled/react-dom/cjs/react-dom.development.js:7718:3)
    at flushSync$1 (webpack-internal:///(app-pages-browser)/./node_modules/next/dist/compiled/react-dom/cjs/react-dom.development.js:24999:7)
    at Object.scheduleRefresh (webpack-internal:///(app-pages-browser)/./node_modules/next/dist/compiled/react-dom/cjs/react-dom.development.js:27285:5)
    at eval (webpack-internal:///(app-pages-browser)/./node_modules/next/dist/compiled/react-refresh/cjs/react-refresh-runtime.development.js:265:17)
    at Set.forEach (<anonymous>)
    at Object.performReactRefresh (webpack-internal:///(app-pages-browser)/./node_modules/next/dist/compiled/react-refresh/cjs/react-refresh-runtime.development.js:254:26)
    at applyUpdate (webpack-internal:///(app-pages-browser)/./node_modules/next/dist/compiled/@next/react-refresh-utils/dist/internal/helpers.js:139:31)
    at statusHandler (webpack-internal:///(app-pages-browser)/./node_modules/next/dist/compiled/@next/react-refresh-utils/dist/internal/helpers.js:156:13)
    at setStatus (http://localhost:3001/_next/static/chunks/webpack.js?v=1779826267671:508:55)
    at http://localhost:3001/_next/static/chunks/webpack.js?v=1779826267671:678:21
[  426669ms] ReferenceError: Legend is not defined
    at PriceChart (webpack-internal:///(app-pages-browser)/./components/PriceChart.tsx:526:105)
    at renderWithHooks (webpack-internal:///(app-pages-browser)/./node_modules/next/dist/compiled/react-dom/cjs/react-dom.development.js:11121:18)
    at updateFunctionComponent (webpack-internal:///(app-pages-browser)/./node_modules/next/dist/compiled/react-dom/cjs/react-dom.development.js:16290:20)
    at beginWork$1 (webpack-internal:///(app-pages-browser)/./node_modules/next/dist/compiled/react-dom/cjs/react-dom.development.js:18472:16)
    at beginWork (webpack-internal:///(app-pages-browser)/./node_modules/next/dist/compiled/react-dom/cjs/react-dom.development.js:26927:14)
    at performUnitOfWork (webpack-internal:///(app-pages-browser)/./node_modules/next/dist/compiled/react-dom/cjs/react-dom.development.js:25748:12)
    at workLoopSync (webpack-internal:///(app-pages-browser)/./node_modules/next/dist/compiled/react-dom/cjs/react-dom.development.js:25464:5)
    at renderRootSync (webpack-internal:///(app-pages-browser)/./node_modules/next/dist/compiled/react-dom/cjs/react-dom.development.js:25419:7)
    at performSyncWorkOnRoot (webpack-internal:///(app-pages-browser)/./node_modules/next/dist/compiled/react-dom/cjs/react-dom.development.js:24887:20)
    at flushSyncWorkAcrossRoots_impl (webpack-internal:///(app-pages-browser)/./node_modules/next/dist/compiled/react-dom/cjs/react-dom.development.js:7758:13)
    at flushSyncWorkOnAllRoots (webpack-internal:///(app-pages-browser)/./node_modules/next/dist/compiled/react-dom/cjs/react-dom.development.js:7718:3)
    at flushSync$1 (webpack-internal:///(app-pages-browser)/./node_modules/next/dist/compiled/react-dom/cjs/react-dom.development.js:24999:7)
    at Object.scheduleRefresh (webpack-internal:///(app-pages-browser)/./node_modules/next/dist/compiled/react-dom/cjs/react-dom.development.js:27285:5)
    at eval (webpack-internal:///(app-pages-browser)/./node_modules/next/dist/compiled/react-refresh/cjs/react-refresh-runtime.development.js:265:17)
    at Set.forEach (<anonymous>)
    at Object.performReactRefresh (webpack-internal:///(app-pages-browser)/./node_modules/next/dist/compiled/react-refresh/cjs/react-refresh-runtime.development.js:254:26)
    at applyUpdate (webpack-internal:///(app-pages-browser)/./node_modules/next/dist/compiled/@next/react-refresh-utils/dist/internal/helpers.js:139:31)
    at statusHandler (webpack-internal:///(app-pages-browser)/./node_modules/next/dist/compiled/@next/react-refresh-utils/dist/internal/helpers.js:156:13)
    at setStatus (http://localhost:3001/_next/static/chunks/webpack.js?v=1779826267671:508:55)
    at http://localhost:3001/_next/static/chunks/webpack.js?v=1779826267671:678:21
[  426669ms] ReferenceError: Legend is not defined
    at PriceChart (webpack-internal:///(app-pages-browser)/./components/PriceChart.tsx:526:105)
    at renderWithHooks (webpack-internal:///(app-pages-browser)/./node_modules/next/dist/compiled/react-dom/cjs/react-dom.development.js:11121:18)
    at updateFunctionComponent (webpack-internal:///(app-pages-browser)/./node_modules/next/dist/compiled/react-dom/cjs/react-dom.development.js:16290:20)
    at beginWork$1 (webpack-internal:///(app-pages-browser)/./node_modules/next/dist/compiled/react-dom/cjs/react-dom.development.js:18472:16)
    at beginWork (webpack-internal:///(app-pages-browser)/./node_modules/next/dist/compiled/react-dom/cjs/react-dom.development.js:26927:14)
    at performUnitOfWork (webpack-internal:///(app-pages-browser)/./node_modules/next/dist/compiled/react-dom/cjs/react-dom.development.js:25748:12)
    at workLoopSync (webpack-internal:///(app-pages-browser)/./node_modules/next/dist/compiled/react-dom/cjs/react-dom.development.js:25464:5)
    at renderRootSync (webpack-internal:///(app-pages-browser)/./node_modules/next/dist/compiled/react-dom/cjs/react-dom.development.js:25419:7)
    at performSyncWorkOnRoot (webpack-internal:///(app-pages-browser)/./node_modules/next/dist/compiled/react-dom/cjs/react-dom.development.js:24887:20)
    at flushSyncWorkAcrossRoots_impl (webpack-internal:///(app-pages-browser)/./node_modules/next/dist/compiled/react-dom/cjs/react-dom.development.js:7758:13)
    at flushSyncWorkOnAllRoots (webpack-internal:///(app-pages-browser)/./node_modules/next/dist/compiled/react-dom/cjs/react-dom.development.js:7718:3)
    at flushSync$1 (webpack-internal:///(app-pages-browser)/./node_modules/next/dist/compiled/react-dom/cjs/react-dom.development.js:24999:7)
    at Object.scheduleRefresh (webpack-internal:///(app-pages-browser)/./node_modules/next/dist/compiled/react-dom/cjs/react-dom.development.js:27285:5)
    at eval (webpack-internal:///(app-pages-browser)/./node_modules/next/dist/compiled/react-refresh/cjs/react-refresh-runtime.development.js:265:17)
    at Set.forEach (<anonymous>)
    at Object.performReactRefresh (webpack-internal:///(app-pages-browser)/./node_modules/next/dist/compiled/react-refresh/cjs/react-refresh-runtime.development.js:254:26)
    at applyUpdate (webpack-internal:///(app-pages-browser)/./node_modules/next/dist/compiled/@next/react-refresh-utils/dist/internal/helpers.js:139:31)
    at statusHandler (webpack-internal:///(app-pages-browser)/./node_modules/next/dist/compiled/@next/react-refresh-utils/dist/internal/helpers.js:156:13)
    at setStatus (http://localhost:3001/_next/static/chunks/webpack.js?v=1779826267671:508:55)
    at http://localhost:3001/_next/static/chunks/webpack.js?v=1779826267671:678:21
[  426669ms] ReferenceError: Legend is not defined
    at PriceChart (webpack-internal:///(app-pages-browser)/./components/PriceChart.tsx:526:105)
    at renderWithHooks (webpack-internal:///(app-pages-browser)/./node_modules/next/dist/compiled/react-dom/cjs/react-dom.development.js:11121:18)
    at updateFunctionComponent (webpack-internal:///(app-pages-browser)/./node_modules/next/dist/compiled/react-dom/cjs/react-dom.development.js:16290:20)
    at beginWork$1 (webpack-internal:///(app-pages-browser)/./node_modules/next/dist/compiled/react-dom/cjs/react-dom.development.js:18472:16)
    at beginWork (webpack-internal:///(app-pages-browser)/./node_modules/next/dist/compiled/react-dom/cjs/react-dom.development.js:26927:14)
    at performUnitOfWork (webpack-internal:///(app-pages-browser)/./node_modules/next/dist/compiled/react-dom/cjs/react-dom.development.js:25748:12)
    at workLoopSync (webpack-internal:///(app-pages-browser)/./node_modules/next/dist/compiled/react-dom/cjs/react-dom.development.js:25464:5)
    at renderRootSync (webpack-internal:///(app-pages-browser)/./node_modules/next/dist/compiled/react-dom/cjs/react-dom.development.js:25419:7)
    at performSyncWorkOnRoot (webpack-internal:///(app-pages-browser)/./node_modules/next/dist/compiled/react-dom/cjs/react-dom.development.js:24887:20)
    at flushSyncWorkAcrossRoots_impl (webpack-internal:///(app-pages-browser)/./node_modules/next/dist/compiled/react-dom/cjs/react-dom.development.js:7758:13)
    at flushSyncWorkOnAllRoots (webpack-internal:///(app-pages-browser)/./node_modules/next/dist/compiled/react-dom/cjs/react-dom.development.js:7718:3)
    at flushSync$1 (webpack-internal:///(app-pages-browser)/./node_modules/next/dist/compiled/react-dom/cjs/react-dom.development.js:24999:7)
    at Object.scheduleRefresh (webpack-internal:///(app-pages-browser)/./node_modules/next/dist/compiled/react-dom/cjs/react-dom.development.js:27285:5)
    at eval (webpack-internal:///(app-pages-browser)/./node_modules/next/dist/compiled/react-refresh/cjs/react-refresh-runtime.development.js:265:17)
    at Set.forEach (<anonymous>)
    at Object.performReactRefresh (webpack-internal:///(app-pages-browser)/./node_modules/next/dist/compiled/react-refresh/cjs/react-refresh-runtime.development.js:254:26)
    at applyUpdate (webpack-internal:///(app-pages-browser)/./node_modules/next/dist/compiled/@next/react-refresh-utils/dist/internal/helpers.js:139:31)
    at statusHandler (webpack-internal:///(app-pages-browser)/./node_modules/next/dist/compiled/@next/react-refresh-utils/dist/internal/helpers.js:156:13)
    at setStatus (http://localhost:3001/_next/static/chunks/webpack.js?v=1779826267671:508:55)
    at http://localhost:3001/_next/static/chunks/webpack.js?v=1779826267671:678:21
[  426670ms] ReferenceError: Legend is not defined
    at PriceChart (webpack-internal:///(app-pages-browser)/./components/PriceChart.tsx:526:105)
    at renderWithHooks (webpack-internal:///(app-pages-browser)/./node_modules/next/dist/compiled/react-dom/cjs/react-dom.development.js:11121:18)
    at updateFunctionComponent (webpack-internal:///(app-pages-browser)/./node_modules/next/dist/compiled/react-dom/cjs/react-dom.development.js:16290:20)
    at beginWork$1 (webpack-internal:///(app-pages-browser)/./node_modules/next/dist/compiled/react-dom/cjs/react-dom.development.js:18472:16)
    at HTMLUnknownElement.callCallback (webpack-internal:///(app-pages-browser)/./node_modules/next/dist/compiled/react-dom/cjs/react-dom.development.js:20565:14)
    at Object.invokeGuardedCallbackImpl (webpack-internal:///(app-pages-browser)/./node_modules/next/dist/compiled/react-dom/cjs/react-dom.development.js:20614:16)
    at invokeGuardedCallback (webpack-internal:///(app-pages-browser)/./node_modules/next/dist/compiled/react-dom/cjs/react-dom.development.js:20689:29)
    at beginWork (webpack-internal:///(app-pages-browser)/./node_modules/next/dist/compiled/react-dom/cjs/react-dom.development.js:26949:7)
    at performUnitOfWork (webpack-internal:///(app-pages-browser)/./node_modules/next/dist/compiled/react-dom/cjs/react-dom.development.js:25748:12)
    at workLoopSync (webpack-internal:///(app-pages-browser)/./node_modules/next/dist/compiled/react-dom/cjs/react-dom.development.js:25464:5)
    at renderRootSync (webpack-internal:///(app-pages-browser)/./node_modules/next/dist/compiled/react-dom/cjs/react-dom.development.js:25419:7)
    at recoverFromConcurrentError (webpack-internal:///(app-pages-browser)/./node_modules/next/dist/compiled/react-dom/cjs/react-dom.development.js:24597:20)
    at performSyncWorkOnRoot (webpack-internal:///(app-pages-browser)/./node_modules/next/dist/compiled/react-dom/cjs/react-dom.development.js:24899:20)
    at flushSyncWorkAcrossRoots_impl (webpack-internal:///(app-pages-browser)/./node_modules/next/dist/compiled/react-dom/cjs/react-dom.development.js:7758:13)
    at flushSyncWorkOnAllRoots (webpack-internal:///(app-pages-browser)/./node_modules/next/dist/compiled/react-dom/cjs/react-dom.development.js:7718:3)
    at flushSync$1 (webpack-internal:///(app-pages-browser)/./node_modules/next/dist/compiled/react-dom/cjs/react-dom.development.js:24999:7)
    at Object.scheduleRefresh (webpack-internal:///(app-pages-browser)/./node_modules/next/dist/compiled/react-dom/cjs/react-dom.development.js:27285:5)
    at eval (webpack-internal:///(app-pages-browser)/./node_modules/next/dist/compiled/react-refresh/cjs/react-refresh-runtime.development.js:265:17)
    at Set.forEach (<anonymous>)
    at Object.performReactRefresh (webpack-internal:///(app-pages-browser)/./node_modules/next/dist/compiled/react-refresh/cjs/react-refresh-runtime.development.js:254:26)
    at applyUpdate (webpack-internal:///(app-pages-browser)/./node_modules/next/dist/compiled/@next/react-refresh-utils/dist/internal/helpers.js:139:31)
    at statusHandler (webpack-internal:///(app-pages-browser)/./node_modules/next/dist/compiled/@next/react-refresh-utils/dist/internal/helpers.js:156:13)
    at setStatus (http://localhost:3001/_next/static/chunks/webpack.js?v=1779826267671:508:55)
    at http://localhost:3001/_next/static/chunks/webpack.js?v=1779826267671:678:21
[  426670ms] ReferenceError: Legend is not defined
    at PriceChart (webpack-internal:///(app-pages-browser)/./components/PriceChart.tsx:526:105)
    at renderWithHooks (webpack-internal:///(app-pages-browser)/./node_modules/next/dist/compiled/react-dom/cjs/react-dom.development.js:11121:18)
    at updateFunctionComponent (webpack-internal:///(app-pages-browser)/./node_modules/next/dist/compiled/react-dom/cjs/react-dom.development.js:16290:20)
    at beginWork$1 (webpack-internal:///(app-pages-browser)/./node_modules/next/dist/compiled/react-dom/cjs/react-dom.development.js:18472:16)
    at beginWork (webpack-internal:///(app-pages-browser)/./node_modules/next/dist/compiled/react-dom/cjs/react-dom.development.js:26927:14)
    at performUnitOfWork (webpack-internal:///(app-pages-browser)/./node_modules/next/dist/compiled/react-dom/cjs/react-dom.development.js:25748:12)
    at workLoopSync (webpack-internal:///(app-pages-browser)/./node_modules/next/dist/compiled/react-dom/cjs/react-dom.development.js:25464:5)
    at renderRootSync (webpack-internal:///(app-pages-browser)/./node_modules/next/dist/compiled/react-dom/cjs/react-dom.development.js:25419:7)
    at recoverFromConcurrentError (webpack-internal:///(app-pages-browser)/./node_modules/next/dist/compiled/react-dom/cjs/react-dom.development.js:24597:20)
    at performSyncWorkOnRoot (webpack-internal:///(app-pages-browser)/./node_modules/next/dist/compiled/react-dom/cjs/react-dom.development.js:24899:20)
    at flushSyncWorkAcrossRoots_impl (webpack-internal:///(app-pages-browser)/./node_modules/next/dist/compiled/react-dom/cjs/react-dom.development.js:7758:13)
    at flushSyncWorkOnAllRoots (webpack-internal:///(app-pages-browser)/./node_modules/next/dist/compiled/react-dom/cjs/react-dom.development.js:7718:3)
    at flushSync$1 (webpack-internal:///(app-pages-browser)/./node_modules/next/dist/compiled/react-dom/cjs/react-dom.development.js:24999:7)
    at Object.scheduleRefresh (webpack-internal:///(app-pages-browser)/./node_modules/next/dist/compiled/react-dom/cjs/react-dom.development.js:27285:5)
    at eval (webpack-internal:///(app-pages-browser)/./node_modules/next/dist/compiled/react-refresh/cjs/react-refresh-runtime.development.js:265:17)
    at Set.forEach (<anonymous>)
    at Object.performReactRefresh (webpack-internal:///(app-pages-browser)/./node_modules/next/dist/compiled/react-refresh/cjs/react-refresh-runtime.development.js:254:26)
    at applyUpdate (webpack-internal:///(app-pages-browser)/./node_modules/next/dist/compiled/@next/react-refresh-utils/dist/internal/helpers.js:139:31)
    at statusHandler (webpack-internal:///(app-pages-browser)/./node_modules/next/dist/compiled/@next/react-refresh-utils/dist/internal/helpers.js:156:13)
    at setStatus (http://localhost:3001/_next/static/chunks/webpack.js?v=1779826267671:508:55)
    at http://localhost:3001/_next/static/chunks/webpack.js?v=1779826267671:678:21
[  426670ms] ReferenceError: Legend is not defined
    at PriceChart (webpack-internal:///(app-pages-browser)/./components/PriceChart.tsx:526:105)
    at renderWithHooks (webpack-internal:///(app-pages-browser)/./node_modules/next/dist/compiled/react-dom/cjs/react-dom.development.js:11121:18)
    at updateFunctionComponent (webpack-internal:///(app-pages-browser)/./node_modules/next/dist/compiled/react-dom/cjs/react-dom.development.js:16290:20)
    at beginWork$1 (webpack-internal:///(app-pages-browser)/./node_modules/next/dist/compiled/react-dom/cjs/react-dom.development.js:18472:16)
    at beginWork (webpack-internal:///(app-pages-browser)/./node_modules/next/dist/compiled/react-dom/cjs/react-dom.development.js:26927:14)
    at performUnitOfWork (webpack-internal:///(app-pages-browser)/./node_modules/next/dist/compiled/react-dom/cjs/react-dom.development.js:25748:12)
    at workLoopSync (webpack-internal:///(app-pages-browser)/./node_modules/next/dist/compiled/react-dom/cjs/react-dom.development.js:25464:5)
    at renderRootSync (webpack-internal:///(app-pages-browser)/./node_modules/next/dist/compiled/react-dom/cjs/react-dom.development.js:25419:7)
    at recoverFromConcurrentError (webpack-internal:///(app-pages-browser)/./node_modules/next/dist/compiled/react-dom/cjs/react-dom.development.js:24597:20)
    at performSyncWorkOnRoot (webpack-internal:///(app-pages-browser)/./node_modules/next/dist/compiled/react-dom/cjs/react-dom.development.js:24899:20)
    at flushSyncWorkAcrossRoots_impl (webpack-internal:///(app-pages-browser)/./node_modules/next/dist/compiled/react-dom/cjs/react-dom.development.js:7758:13)
    at flushSyncWorkOnAllRoots (webpack-internal:///(app-pages-browser)/./node_modules/next/dist/compiled/react-dom/cjs/react-dom.development.js:7718:3)
    at flushSync$1 (webpack-internal:///(app-pages-browser)/./node_modules/next/dist/compiled/react-dom/cjs/react-dom.development.js:24999:7)
    at Object.scheduleRefresh (webpack-internal:///(app-pages-browser)/./node_modules/next/dist/compiled/react-dom/cjs/react-dom.development.js:27285:5)
    at eval (webpack-internal:///(app-pages-browser)/./node_modules/next/dist/compiled/react-refresh/cjs/react-refresh-runtime.development.js:265:17)
    at Set.forEach (<anonymous>)
    at Object.performReactRefresh (webpack-internal:///(app-pages-browser)/./node_modules/next/dist/compiled/react-refresh/cjs/react-refresh-runtime.development.js:254:26)
    at applyUpdate (webpack-internal:///(app-pages-browser)/./node_modules/next/dist/compiled/@next/react-refresh-utils/dist/internal/helpers.js:139:31)
    at statusHandler (webpack-internal:///(app-pages-browser)/./node_modules/next/dist/compiled/@next/react-refresh-utils/dist/internal/helpers.js:156:13)
    at setStatus (http://localhost:3001/_next/static/chunks/webpack.js?v=1779826267671:508:55)
    at http://localhost:3001/_next/static/chunks/webpack.js?v=1779826267671:678:21
[  426670ms] ReferenceError: Legend is not defined
    at PriceChart (webpack-internal:///(app-pages-browser)/./components/PriceChart.tsx:526:105)
    at renderWithHooks (webpack-internal:///(app-pages-browser)/./node_modules/next/dist/compiled/react-dom/cjs/react-dom.development.js:11121:18)
    at updateFunctionComponent (webpack-internal:///(app-pages-browser)/./node_modules/next/dist/compiled/react-dom/cjs/react-dom.development.js:16290:20)
    at beginWork$1 (webpack-internal:///(app-pages-browser)/./node_modules/next/dist/compiled/react-dom/cjs/react-dom.development.js:18472:16)
    at beginWork (webpack-internal:///(app-pages-browser)/./node_modules/next/dist/compiled/react-dom/cjs/react-dom.development.js:26927:14)
    at performUnitOfWork (webpack-internal:///(app-pages-browser)/./node_modules/next/dist/compiled/react-dom/cjs/react-dom.development.js:25748:12)
    at workLoopSync (webpack-internal:///(app-pages-browser)/./node_modules/next/dist/compiled/react-dom/cjs/react-dom.development.js:25464:5)
    at renderRootSync (webpack-internal:///(app-pages-browser)/./node_modules/next/dist/compiled/react-dom/cjs/react-dom.development.js:25419:7)
    at recoverFromConcurrentError (webpack-internal:///(app-pages-browser)/./node_modules/next/dist/compiled/react-dom/cjs/react-dom.development.js:24597:20)
    at performSyncWorkOnRoot (webpack-internal:///(app-pages-browser)/./node_modules/next/dist/compiled/react-dom/cjs/react-dom.development.js:24899:20)
    at flushSyncWorkAcrossRoots_impl (webpack-internal:///(app-pages-browser)/./node_modules/next/dist/compiled/react-dom/cjs/react-dom.development.js:7758:13)
    at flushSyncWorkOnAllRoots (webpack-internal:///(app-pages-browser)/./node_modules/next/dist/compiled/react-dom/cjs/react-dom.development.js:7718:3)
    at flushSync$1 (webpack-internal:///(app-pages-browser)/./node_modules/next/dist/compiled/react-dom/cjs/react-dom.development.js:24999:7)
    at Object.scheduleRefresh (webpack-internal:///(app-pages-browser)/./node_modules/next/dist/compiled/react-dom/cjs/react-dom.development.js:27285:5)
    at eval (webpack-internal:///(app-pages-browser)/./node_modules/next/dist/compiled/react-refresh/cjs/react-refresh-runtime.development.js:265:17)
    at Set.forEach (<anonymous>)
    at Object.performReactRefresh (webpack-internal:///(app-pages-browser)/./node_modules/next/dist/compiled/react-refresh/cjs/react-refresh-runtime.development.js:254:26)
    at applyUpdate (webpack-internal:///(app-pages-browser)/./node_modules/next/dist/compiled/@next/react-refresh-utils/dist/internal/helpers.js:139:31)
    at statusHandler (webpack-internal:///(app-pages-browser)/./node_modules/next/dist/compiled/@next/react-refresh-utils/dist/internal/helpers.js:156:13)
    at setStatus (http://localhost:3001/_next/static/chunks/webpack.js?v=1779826267671:508:55)
    at http://localhost:3001/_next/static/chunks/webpack.js?v=1779826267671:678:21
[  426670ms] ReferenceError: Legend is not defined
    at PriceChart (webpack-internal:///(app-pages-browser)/./components/PriceChart.tsx:526:105)
    at renderWithHooks (webpack-internal:///(app-pages-browser)/./node_modules/next/dist/compiled/react-dom/cjs/react-dom.development.js:11121:18)
    at updateFunctionComponent (webpack-internal:///(app-pages-browser)/./node_modules/next/dist/compiled/react-dom/cjs/react-dom.development.js:16290:20)
    at beginWork$1 (webpack-internal:///(app-pages-browser)/./node_modules/next/dist/compiled/react-dom/cjs/react-dom.development.js:18472:16)
    at beginWork (webpack-internal:///(app-pages-browser)/./node_modules/next/dist/compiled/react-dom/cjs/react-dom.development.js:26927:14)
    at performUnitOfWork (webpack-internal:///(app-pages-browser)/./node_modules/next/dist/compiled/react-dom/cjs/react-dom.development.js:25748:12)
    at workLoopSync (webpack-internal:///(app-pages-browser)/./node_modules/next/dist/compiled/react-dom/cjs/react-dom.development.js:25464:5)
    at renderRootSync (webpack-internal:///(app-pages-browser)/./node_modules/next/dist/compiled/react-dom/cjs/react-dom.development.js:25419:7)
    at recoverFromConcurrentError (webpack-internal:///(app-pages-browser)/./node_modules/next/dist/compiled/react-dom/cjs/react-dom.development.js:24597:20)
    at performSyncWorkOnRoot (webpack-internal:///(app-pages-browser)/./node_modules/next/dist/compiled/react-dom/cjs/react-dom.development.js:24899:20)
    at flushSyncWorkAcrossRoots_impl (webpack-internal:///(app-pages-browser)/./node_modules/next/dist/compiled/react-dom/cjs/react-dom.development.js:7758:13)
    at flushSyncWorkOnAllRoots (webpack-internal:///(app-pages-browser)/./node_modules/next/dist/compiled/react-dom/cjs/react-dom.development.js:7718:3)
    at flushSync$1 (webpack-internal:///(app-pages-browser)/./node_modules/next/dist/compiled/react-dom/cjs/react-dom.development.js:24999:7)
    at Object.scheduleRefresh (webpack-internal:///(app-pages-browser)/./node_modules/next/dist/compiled/react-dom/cjs/react-dom.development.js:27285:5)
    at eval (webpack-internal:///(app-pages-browser)/./node_modules/next/dist/compiled/react-refresh/cjs/react-refresh-runtime.development.js:265:17)
    at Set.forEach (<anonymous>)
    at Object.performReactRefresh (webpack-internal:///(app-pages-browser)/./node_modules/next/dist/compiled/react-refresh/cjs/react-refresh-runtime.development.js:254:26)
    at applyUpdate (webpack-internal:///(app-pages-browser)/./node_modules/next/dist/compiled/@next/react-refresh-utils/dist/internal/helpers.js:139:31)
    at statusHandler (webpack-internal:///(app-pages-browser)/./node_modules/next/dist/compiled/@next/react-refresh-utils/dist/internal/helpers.js:156:13)
    at setStatus (http://localhost:3001/_next/static/chunks/webpack.js?v=1779826267671:508:55)
    at http://localhost:3001/_next/static/chunks/webpack.js?v=1779826267671:678:21
[  426604ms] [ERROR] The above error occurred in the <NotFoundErrorBoundary> component:

    at PriceChart (webpack-internal:///(app-pages-browser)/./components/PriceChart.tsx:284:11)
    at div
    at MarketDashboard (webpack-internal:///(app-pages-browser)/./components/MarketDashboard.tsx:19:76)
    at BailoutToCSR (webpack-internal:///(app-pages-browser)/./node_modules/next/dist/shared/lib/lazy-dynamic/dynamic-bailout-to-csr.js:13:11)
    at Suspense
    at LoadableComponent (Server)
    at Suspense
    at section
    at div
    at TabShell (webpack-internal:///(app-pages-browser)/./components/TabShell.tsx:14:11)
    at div
    at HomePage (Server)
    at InnerLayoutRouter (webpack-internal:///(app-pages-browser)/./node_modules/next/dist/client/components/layout-router.js:242:11)
    at RedirectErrorBoundary (webpack-internal:///(app-pages-browser)/./node_modules/next/dist/client/components/redirect-boundary.js:74:9)
    at RedirectBoundary (webpack-internal:///(app-pages-browser)/./node_modules/next/dist/client/components/redirect-boundary.js:82:11)
    at NotFoundErrorBoundary (webpack-internal:///(app-pages-browser)/./node_modules/next/dist/client/components/not-found-boundary.js:76:9)
    at NotFoundBoundary (webpack-internal:///(app-pages-browser)/./node_modules/next/dist/client/components/not-found-boundary.js:84:11)
    at LoadingBoundary (webpack-internal:///(app-pages-browser)/./node_modules/next/dist/client/components/layout-router.js:346:11)
    at ErrorBoundary (webpack-internal:///(app-pages-browser)/./node_modules/next/dist/client/components/error-boundary.js:160:11)
    at InnerScrollAndFocusHandler (webpack-internal:///(app-pages-browser)/./node_modules/next/dist/client/components/layout-router.js:152:9)
    at ScrollAndFocusHandler (webpack-internal:///(app-pages-browser)/./node_modules/next/dist/client/components/layout-router.js:227:11)
    at RenderFromTemplateContext (webpack-internal:///(app-pages-browser)/./node_modules/next/dist/client/components/render-from-template-context.js:16:44)
    at OuterLayoutRouter (webpack-internal:///(app-pages-browser)/./node_modules/next/dist/client/components/layout-router.js:367:11)
    at body
    at html
    at RootLayout (Server)
    at RedirectErrorBoundary (webpack-internal:///(app-pages-browser)/./node_modules/next/dist/client/components/redirect-boundary.js:74:9)
    at RedirectBoundary (webpack-internal:///(app-pages-browser)/./node_modules/next/dist/client/components/redirect-boundary.js:82:11)
    at NotFoundErrorBoundary (webpack-internal:///(app-pages-browser)/./node_modules/next/dist/client/components/not-found-boundary.js:76:9)
    at NotFoundBoundary (webpack-internal:///(app-pages-browser)/./node_modules/next/dist/client/components/not-found-boundary.js:84:11)
    at DevRootNotFoundBoundary (webpack-internal:///(app-pages-browser)/./node_modules/next/dist/client/components/dev-root-not-found-boundary.js:33:11)
    at ReactDevOverlay (webpack-internal:///(app-pages-browser)/./node_modules/next/dist/client/components/react-dev-overlay/app/ReactDevOverlay.js:87:9)
    at HotReload (webpack-internal:///(app-pages-browser)/./node_modules/next/dist/client/components/react-dev-overlay/app/hot-reloader-client.js:321:11)
    at Router (webpack-internal:///(app-pages-browser)/./node_modules/next/dist/client/components/app-router.js:207:11)
    at ErrorBoundaryHandler (webpack-internal:///(app-pages-browser)/./node_modules/next/dist/client/components/error-boundary.js:113:9)
    at ErrorBoundary (webpack-internal:///(app-pages-browser)/./node_modules/next/dist/client/components/error-boundary.js:160:11)
    at AppRouter (webpack-internal:///(app-pages-browser)/./node_modules/next/dist/client/components/app-router.js:577:13)
    at ServerRoot (webpack-internal:///(app-pages-browser)/./node_modules/next/dist/client/app-index.js:112:27)
    at Root (webpack-internal:///(app-pages-browser)/./node_modules/next/dist/client/app-index.js:117:11)

React will try to recreate this component tree from scratch using the error boundary you provided, ReactDevOverlay. @ webpack-internal:///(app-pages-browser)/./node_modules/next/dist/client/app-index.js:32
[  426610ms] [WARNING] [Fast Refresh] performing full reload because your application had an unrecoverable error @ webpack-internal:///(app-pages-browser)/./node_modules/next/dist/client/components/react-dev-overlay/app/hot-reloader-client.js:114
[  427101ms] [INFO] %cDownload the React DevTools for a better development experience: https://reactjs.org/link/react-devtools font-weight:bold @ webpack-internal:///(app-pages-browser)/./node_modules/next/dist/compiled/react-dom/cjs/react-dom.development.js:38559
[  429145ms] [ERROR] Warning: Cannot update a component (`%s`) while rendering a different component (`%s`). To locate the bad setState() call inside `%s`, follow the stack trace as described in https://reactjs.org/link/setstate-in-render%s HotReload PriceChart PriceChart 
    at PriceChart (webpack-internal:///(app-pages-browser)/./components/PriceChart.tsx:284:11)
    at div
    at MarketDashboard (webpack-internal:///(app-pages-browser)/./components/MarketDashboard.tsx:19:76)
    at BailoutToCSR (webpack-internal:///(app-pages-browser)/./node_modules/next/dist/shared/lib/lazy-dynamic/dynamic-bailout-to-csr.js:13:11)
    at Suspense
    at LoadableComponent (Server)
    at Suspense
    at section
    at div
    at TabShell (webpack-internal:///(app-pages-browser)/./components/TabShell.tsx:14:11)
    at div
    at HomePage (Server)
    at InnerLayoutRouter (webpack-internal:///(app-pages-browser)/./node_modules/next/dist/client/components/layout-router.js:242:11)
    at RedirectErrorBoundary (webpack-internal:///(app-pages-browser)/./node_modules/next/dist/client/components/redirect-boundary.js:74:9)
    at RedirectBoundary (webpack-internal:///(app-pages-browser)/./node_modules/next/dist/client/components/redirect-boundary.js:82:11)
    at NotFoundErrorBoundary (webpack-internal:///(app-pages-browser)/./node_modules/next/dist/client/components/not-found-boundary.js:76:9)
    at NotFoundBoundary (webpack-internal:///(app-pages-browser)/./node_modules/next/dist/client/components/not-found-boundary.js:84:11)
    at LoadingBoundary (webpack-internal:///(app-pages-browser)/./node_modules/next/dist/client/components/layout-router.js:346:11)
    at ErrorBoundary (webpack-internal:///(app-pages-browser)/./node_modules/next/dist/client/components/error-boundary.js:160:11)
    at InnerScrollAndFocusHandler (webpack-internal:///(app-pages-browser)/./node_modules/next/dist/client/components/layout-router.js:152:9)
    at ScrollAndFocusHandler (webpack-internal:///(app-pages-browser)/./node_modules/next/dist/client/components/layout-router.js:227:11)
    at RenderFromTemplateContext (webpack-internal:///(app-pages-browser)/./node_modules/next/dist/client/components/render-from-template-context.js:16:44)
    at OuterLayoutRouter (webpack-internal:///(app-pages-browser)/./node_modules/next/dist/client/components/layout-router.js:367:11)
    at body
    at html
    at RootLayout (Server)
    at RedirectErrorBoundary (webpack-internal:///(app-pages-browser)/./node_modules/next/dist/client/components/redirect-boundary.js:74:9)
    at RedirectBoundary (webpack-internal:///(app-pages-browser)/./node_modules/next/dist/client/components/redirect-boundary.js:82:11)
    at NotFoundErrorBoundary (webpack-internal:///(app-pages-browser)/./node_modules/next/dist/client/components/not-found-boundary.js:76:9)
    at NotFoundBoundary (webpack-internal:///(app-pages-browser)/./node_modules/next/dist/client/components/not-found-boundary.js:84:11)
    at DevRootNotFoundBoundary (webpack-internal:///(app-pages-browser)/./node_modules/next/dist/client/components/dev-root-not-found-boundary.js:33:11)
    at ReactDevOverlay (webpack-internal:///(app-pages-browser)/./node_modules/next/dist/client/components/react-dev-overlay/app/ReactDevOverlay.js:87:9)
    at HotReload (webpack-internal:///(app-pages-browser)/./node_modules/next/dist/client/components/react-dev-overlay/app/hot-reloader-client.js:321:11)
    at Router (webpack-internal:///(app-pages-browser)/./node_modules/next/dist/client/components/app-router.js:207:11)
    at ErrorBoundaryHandler (webpack-internal:///(app-pages-browser)/./node_modules/next/dist/client/components/error-boundary.js:113:9)
    at ErrorBoundary (webpack-internal:///(app-pages-browser)/./node_modules/next/dist/client/components/error-boundary.js:160:11)
    at AppRouter (webpack-internal:///(app-pages-browser)/./node_modules/next/dist/client/components/app-router.js:577:13)
    at ServerRoot (webpack-internal:///(app-pages-browser)/./node_modules/next/dist/client/app-index.js:112:27)
    at Root (webpack-internal:///(app-pages-browser)/./node_modules/next/dist/client/app-index.js:117:11) @ webpack-internal:///(app-pages-browser)/./node_modules/next/dist/client/app-index.js:32
[  429147ms] ReferenceError: Legend is not defined
    at PriceChart (webpack-internal:///(app-pages-browser)/./components/PriceChart.tsx:526:105)
    at renderWithHooks (webpack-internal:///(app-pages-browser)/./node_modules/next/dist/compiled/react-dom/cjs/react-dom.development.js:11121:18)
    at updateFunctionComponent (webpack-internal:///(app-pages-browser)/./node_modules/next/dist/compiled/react-dom/cjs/react-dom.development.js:16290:20)
    at beginWork$1 (webpack-internal:///(app-pages-browser)/./node_modules/next/dist/compiled/react-dom/cjs/react-dom.development.js:18472:16)
    at HTMLUnknownElement.callCallback (webpack-internal:///(app-pages-browser)/./node_modules/next/dist/compiled/react-dom/cjs/react-dom.development.js:20565:14)
    at Object.invokeGuardedCallbackImpl (webpack-internal:///(app-pages-browser)/./node_modules/next/dist/compiled/react-dom/cjs/react-dom.development.js:20614:16)
    at invokeGuardedCallback (webpack-internal:///(app-pages-browser)/./node_modules/next/dist/compiled/react-dom/cjs/react-dom.development.js:20689:29)
    at beginWork (webpack-internal:///(app-pages-browser)/./node_modules/next/dist/compiled/react-dom/cjs/react-dom.development.js:26949:7)
    at performUnitOfWork (webpack-internal:///(app-pages-browser)/./node_modules/next/dist/compiled/react-dom/cjs/react-dom.development.js:25748:12)
    at workLoopSync (webpack-internal:///(app-pages-browser)/./node_modules/next/dist/compiled/react-dom/cjs/react-dom.development.js:25464:5)
    at renderRootSync (webpack-internal:///(app-pages-browser)/./node_modules/next/dist/compiled/react-dom/cjs/react-dom.development.js:25419:7)
    at performConcurrentWorkOnRoot (webpack-internal:///(app-pages-browser)/./node_modules/next/dist/compiled/react-dom/cjs/react-dom.development.js:24504:74)
    at workLoop (webpack-internal:///(app-pages-browser)/./node_modules/next/dist/compiled/scheduler/cjs/scheduler.development.js:256:34)
    at flushWork (webpack-internal:///(app-pages-browser)/./node_modules/next/dist/compiled/scheduler/cjs/scheduler.development.js:225:14)
    at MessagePort.performWorkUntilDeadline (webpack-internal:///(app-pages-browser)/./node_modules/next/dist/compiled/scheduler/cjs/scheduler.development.js:534:21)
[  429147ms] ReferenceError: Legend is not defined
    at PriceChart (webpack-internal:///(app-pages-browser)/./components/PriceChart.tsx:526:105)
    at renderWithHooks (webpack-internal:///(app-pages-browser)/./node_modules/next/dist/compiled/react-dom/cjs/react-dom.development.js:11121:18)
    at updateFunctionComponent (webpack-internal:///(app-pages-browser)/./node_modules/next/dist/compiled/react-dom/cjs/react-dom.development.js:16290:20)
    at beginWork$1 (webpack-internal:///(app-pages-browser)/./node_modules/next/dist/compiled/react-dom/cjs/react-dom.development.js:18472:16)
    at beginWork (webpack-internal:///(app-pages-browser)/./node_modules/next/dist/compiled/react-dom/cjs/react-dom.development.js:26927:14)
    at performUnitOfWork (webpack-internal:///(app-pages-browser)/./node_modules/next/dist/compiled/react-dom/cjs/react-dom.development.js:25748:12)
    at workLoopSync (webpack-internal:///(app-pages-browser)/./node_modules/next/dist/compiled/react-dom/cjs/react-dom.development.js:25464:5)
    at renderRootSync (webpack-internal:///(app-pages-browser)/./node_modules/next/dist/compiled/react-dom/cjs/react-dom.development.js:25419:7)
    at performConcurrentWorkOnRoot (webpack-internal:///(app-pages-browser)/./node_modules/next/dist/compiled/react-dom/cjs/react-dom.development.js:24504:74)
    at workLoop (webpack-internal:///(app-pages-browser)/./node_modules/next/dist/compiled/scheduler/cjs/scheduler.development.js:256:34)
    at flushWork (webpack-internal:///(app-pages-browser)/./node_modules/next/dist/compiled/scheduler/cjs/scheduler.development.js:225:14)
    at MessagePort.performWorkUntilDeadline (webpack-internal:///(app-pages-browser)/./node_modules/next/dist/compiled/scheduler/cjs/scheduler.development.js:534:21)
[  429147ms] ReferenceError: Legend is not defined
    at PriceChart (webpack-internal:///(app-pages-browser)/./components/PriceChart.tsx:526:105)
    at renderWithHooks (webpack-internal:///(app-pages-browser)/./node_modules/next/dist/compiled/react-dom/cjs/react-dom.development.js:11121:18)
    at updateFunctionComponent (webpack-internal:///(app-pages-browser)/./node_modules/next/dist/compiled/react-dom/cjs/react-dom.development.js:16290:20)
    at beginWork$1 (webpack-internal:///(app-pages-browser)/./node_modules/next/dist/compiled/react-dom/cjs/react-dom.development.js:18472:16)
    at beginWork (webpack-internal:///(app-pages-browser)/./node_modules/next/dist/compiled/react-dom/cjs/react-dom.development.js:26927:14)
    at performUnitOfWork (webpack-internal:///(app-pages-browser)/./node_modules/next/dist/compiled/react-dom/cjs/react-dom.development.js:25748:12)
    at workLoopSync (webpack-internal:///(app-pages-browser)/./node_modules/next/dist/compiled/react-dom/cjs/react-dom.development.js:25464:5)
    at renderRootSync (webpack-internal:///(app-pages-browser)/./node_modules/next/dist/compiled/react-dom/cjs/react-dom.development.js:25419:7)
    at performConcurrentWorkOnRoot (webpack-internal:///(app-pages-browser)/./node_modules/next/dist/compiled/react-dom/cjs/react-dom.development.js:24504:74)
    at workLoop (webpack-internal:///(app-pages-browser)/./node_modules/next/dist/compiled/scheduler/cjs/scheduler.development.js:256:34)
    at flushWork (webpack-internal:///(app-pages-browser)/./node_modules/next/dist/compiled/scheduler/cjs/scheduler.development.js:225:14)
    at MessagePort.performWorkUntilDeadline (webpack-internal:///(app-pages-browser)/./node_modules/next/dist/compiled/scheduler/cjs/scheduler.development.js:534:21)
[  429147ms] ReferenceError: Legend is not defined
    at PriceChart (webpack-internal:///(app-pages-browser)/./components/PriceChart.tsx:526:105)
    at renderWithHooks (webpack-internal:///(app-pages-browser)/./node_modules/next/dist/compiled/react-dom/cjs/react-dom.development.js:11121:18)
    at updateFunctionComponent (webpack-internal:///(app-pages-browser)/./node_modules/next/dist/compiled/react-dom/cjs/react-dom.development.js:16290:20)
    at beginWork$1 (webpack-internal:///(app-pages-browser)/./node_modules/next/dist/compiled/react-dom/cjs/react-dom.development.js:18472:16)
    at beginWork (webpack-internal:///(app-pages-browser)/./node_modules/next/dist/compiled/react-dom/cjs/react-dom.development.js:26927:14)
    at performUnitOfWork (webpack-internal:///(app-pages-browser)/./node_modules/next/dist/compiled/react-dom/cjs/react-dom.development.js:25748:12)
    at workLoopSync (webpack-internal:///(app-pages-browser)/./node_modules/next/dist/compiled/react-dom/cjs/react-dom.development.js:25464:5)
    at renderRootSync (webpack-internal:///(app-pages-browser)/./node_modules/next/dist/compiled/react-dom/cjs/react-dom.development.js:25419:7)
    at performConcurrentWorkOnRoot (webpack-internal:///(app-pages-browser)/./node_modules/next/dist/compiled/react-dom/cjs/react-dom.development.js:24504:74)
    at workLoop (webpack-internal:///(app-pages-browser)/./node_modules/next/dist/compiled/scheduler/cjs/scheduler.development.js:256:34)
    at flushWork (webpack-internal:///(app-pages-browser)/./node_modules/next/dist/compiled/scheduler/cjs/scheduler.development.js:225:14)
    at MessagePort.performWorkUntilDeadline (webpack-internal:///(app-pages-browser)/./node_modules/next/dist/compiled/scheduler/cjs/scheduler.development.js:534:21)
[  429147ms] ReferenceError: Legend is not defined
    at PriceChart (webpack-internal:///(app-pages-browser)/./components/PriceChart.tsx:526:105)
    at renderWithHooks (webpack-internal:///(app-pages-browser)/./node_modules/next/dist/compiled/react-dom/cjs/react-dom.development.js:11121:18)
    at updateFunctionComponent (webpack-internal:///(app-pages-browser)/./node_modules/next/dist/compiled/react-dom/cjs/react-dom.development.js:16290:20)
    at beginWork$1 (webpack-internal:///(app-pages-browser)/./node_modules/next/dist/compiled/react-dom/cjs/react-dom.development.js:18472:16)
    at beginWork (webpack-internal:///(app-pages-browser)/./node_modules/next/dist/compiled/react-dom/cjs/react-dom.development.js:26927:14)
    at performUnitOfWork (webpack-internal:///(app-pages-browser)/./node_modules/next/dist/compiled/react-dom/cjs/react-dom.development.js:25748:12)
    at workLoopSync (webpack-internal:///(app-pages-browser)/./node_modules/next/dist/compiled/react-dom/cjs/react-dom.development.js:25464:5)
    at renderRootSync (webpack-internal:///(app-pages-browser)/./node_modules/next/dist/compiled/react-dom/cjs/react-dom.development.js:25419:7)
    at performConcurrentWorkOnRoot (webpack-internal:///(app-pages-browser)/./node_modules/next/dist/compiled/react-dom/cjs/react-dom.development.js:24504:74)
    at workLoop (webpack-internal:///(app-pages-browser)/./node_modules/next/dist/compiled/scheduler/cjs/scheduler.development.js:256:34)
    at flushWork (webpack-internal:///(app-pages-browser)/./node_modules/next/dist/compiled/scheduler/cjs/scheduler.development.js:225:14)
    at MessagePort.performWorkUntilDeadline (webpack-internal:///(app-pages-browser)/./node_modules/next/dist/compiled/scheduler/cjs/scheduler.development.js:534:21)
[  429149ms] ReferenceError: Legend is not defined
    at PriceChart (webpack-internal:///(app-pages-browser)/./components/PriceChart.tsx:526:105)
    at renderWithHooks (webpack-internal:///(app-pages-browser)/./node_modules/next/dist/compiled/react-dom/cjs/react-dom.development.js:11121:18)
    at updateFunctionComponent (webpack-internal:///(app-pages-browser)/./node_modules/next/dist/compiled/react-dom/cjs/react-dom.development.js:16290:20)
    at beginWork$1 (webpack-internal:///(app-pages-browser)/./node_modules/next/dist/compiled/react-dom/cjs/react-dom.development.js:18472:16)
    at HTMLUnknownElement.callCallback (webpack-internal:///(app-pages-browser)/./node_modules/next/dist/compiled/react-dom/cjs/react-dom.development.js:20565:14)
    at Object.invokeGuardedCallbackImpl (webpack-internal:///(app-pages-browser)/./node_modules/next/dist/compiled/react-dom/cjs/react-dom.development.js:20614:16)
    at invokeGuardedCallback (webpack-internal:///(app-pages-browser)/./node_modules/next/dist/compiled/react-dom/cjs/react-dom.development.js:20689:29)
    at beginWork (webpack-internal:///(app-pages-browser)/./node_modules/next/dist/compiled/react-dom/cjs/react-dom.development.js:26949:7)
    at performUnitOfWork (webpack-internal:///(app-pages-browser)/./node_modules/next/dist/compiled/react-dom/cjs/react-dom.development.js:25748:12)
    at workLoopSync (webpack-internal:///(app-pages-browser)/./node_modules/next/dist/compiled/react-dom/cjs/react-dom.development.js:25464:5)
    at renderRootSync (webpack-internal:///(app-pages-browser)/./node_modules/next/dist/compiled/react-dom/cjs/react-dom.development.js:25419:7)
    at recoverFromConcurrentError (webpack-internal:///(app-pages-browser)/./node_modules/next/dist/compiled/react-dom/cjs/react-dom.development.js:24597:20)
    at performConcurrentWorkOnRoot (webpack-internal:///(app-pages-browser)/./node_modules/next/dist/compiled/react-dom/cjs/react-dom.development.js:24542:26)
    at workLoop (webpack-internal:///(app-pages-browser)/./node_modules/next/dist/compiled/scheduler/cjs/scheduler.development.js:256:34)
    at flushWork (webpack-internal:///(app-pages-browser)/./node_modules/next/dist/compiled/scheduler/cjs/scheduler.development.js:225:14)
    at MessagePort.performWorkUntilDeadline (webpack-internal:///(app-pages-browser)/./node_modules/next/dist/compiled/scheduler/cjs/scheduler.development.js:534:21)
[  429149ms] ReferenceError: Legend is not defined
    at PriceChart (webpack-internal:///(app-pages-browser)/./components/PriceChart.tsx:526:105)
    at renderWithHooks (webpack-internal:///(app-pages-browser)/./node_modules/next/dist/compiled/react-dom/cjs/react-dom.development.js:11121:18)
    at updateFunctionComponent (webpack-internal:///(app-pages-browser)/./node_modules/next/dist/compiled/react-dom/cjs/react-dom.development.js:16290:20)
    at beginWork$1 (webpack-internal:///(app-pages-browser)/./node_modules/next/dist/compiled/react-dom/cjs/react-dom.development.js:18472:16)
    at beginWork (webpack-internal:///(app-pages-browser)/./node_modules/next/dist/compiled/react-dom/cjs/react-dom.development.js:26927:14)
    at performUnitOfWork (webpack-internal:///(app-pages-browser)/./node_modules/next/dist/compiled/react-dom/cjs/react-dom.development.js:25748:12)
    at workLoopSync (webpack-internal:///(app-pages-browser)/./node_modules/next/dist/compiled/react-dom/cjs/react-dom.development.js:25464:5)
    at renderRootSync (webpack-internal:///(app-pages-browser)/./node_modules/next/dist/compiled/react-dom/cjs/react-dom.development.js:25419:7)
    at recoverFromConcurrentError (webpack-internal:///(app-pages-browser)/./node_modules/next/dist/compiled/react-dom/cjs/react-dom.development.js:24597:20)
    at performConcurrentWorkOnRoot (webpack-internal:///(app-pages-browser)/./node_modules/next/dist/compiled/react-dom/cjs/react-dom.development.js:24542:26)
    at workLoop (webpack-internal:///(app-pages-browser)/./node_modules/next/dist/compiled/scheduler/cjs/scheduler.development.js:256:34)
    at flushWork (webpack-internal:///(app-pages-browser)/./node_modules/next/dist/compiled/scheduler/cjs/scheduler.development.js:225:14)
    at MessagePort.performWorkUntilDeadline (webpack-internal:///(app-pages-browser)/./node_modules/next/dist/compiled/scheduler/cjs/scheduler.development.js:534:21)
[  429149ms] ReferenceError: Legend is not defined
    at PriceChart (webpack-internal:///(app-pages-browser)/./components/PriceChart.tsx:526:105)
    at renderWithHooks (webpack-internal:///(app-pages-browser)/./node_modules/next/dist/compiled/react-dom/cjs/react-dom.development.js:11121:18)
    at updateFunctionComponent (webpack-internal:///(app-pages-browser)/./node_modules/next/dist/compiled/react-dom/cjs/react-dom.development.js:16290:20)
    at beginWork$1 (webpack-internal:///(app-pages-browser)/./node_modules/next/dist/compiled/react-dom/cjs/react-dom.development.js:18472:16)
    at beginWork (webpack-internal:///(app-pages-browser)/./node_modules/next/dist/compiled/react-dom/cjs/react-dom.development.js:26927:14)
    at performUnitOfWork (webpack-internal:///(app-pages-browser)/./node_modules/next/dist/compiled/react-dom/cjs/react-dom.development.js:25748:12)
    at workLoopSync (webpack-internal:///(app-pages-browser)/./node_modules/next/dist/compiled/react-dom/cjs/react-dom.development.js:25464:5)
    at renderRootSync (webpack-internal:///(app-pages-browser)/./node_modules/next/dist/compiled/react-dom/cjs/react-dom.development.js:25419:7)
    at recoverFromConcurrentError (webpack-internal:///(app-pages-browser)/./node_modules/next/dist/compiled/react-dom/cjs/react-dom.development.js:24597:20)
    at performConcurrentWorkOnRoot (webpack-internal:///(app-pages-browser)/./node_modules/next/dist/compiled/react-dom/cjs/react-dom.development.js:24542:26)
    at workLoop (webpack-internal:///(app-pages-browser)/./node_modules/next/dist/compiled/scheduler/cjs/scheduler.development.js:256:34)
    at flushWork (webpack-internal:///(app-pages-browser)/./node_modules/next/dist/compiled/scheduler/cjs/scheduler.development.js:225:14)
    at MessagePort.performWorkUntilDeadline (webpack-internal:///(app-pages-browser)/./node_modules/next/dist/compiled/scheduler/cjs/scheduler.development.js:534:21)
[  429149ms] ReferenceError: Legend is not defined
    at PriceChart (webpack-internal:///(app-pages-browser)/./components/PriceChart.tsx:526:105)
    at renderWithHooks (webpack-internal:///(app-pages-browser)/./node_modules/next/dist/compiled/react-dom/cjs/react-dom.development.js:11121:18)
    at updateFunctionComponent (webpack-internal:///(app-pages-browser)/./node_modules/next/dist/compiled/react-dom/cjs/react-dom.development.js:16290:20)
    at beginWork$1 (webpack-internal:///(app-pages-browser)/./node_modules/next/dist/compiled/react-dom/cjs/react-dom.development.js:18472:16)
    at beginWork (webpack-internal:///(app-pages-browser)/./node_modules/next/dist/compiled/react-dom/cjs/react-dom.development.js:26927:14)
    at performUnitOfWork (webpack-internal:///(app-pages-browser)/./node_modules/next/dist/compiled/react-dom/cjs/react-dom.development.js:25748:12)
    at workLoopSync (webpack-internal:///(app-pages-browser)/./node_modules/next/dist/compiled/react-dom/cjs/react-dom.development.js:25464:5)
    at renderRootSync (webpack-internal:///(app-pages-browser)/./node_modules/next/dist/compiled/react-dom/cjs/react-dom.development.js:25419:7)
    at recoverFromConcurrentError (webpack-internal:///(app-pages-browser)/./node_modules/next/dist/compiled/react-dom/cjs/react-dom.development.js:24597:20)
    at performConcurrentWorkOnRoot (webpack-internal:///(app-pages-browser)/./node_modules/next/dist/compiled/react-dom/cjs/react-dom.development.js:24542:26)
    at workLoop (webpack-internal:///(app-pages-browser)/./node_modules/next/dist/compiled/scheduler/cjs/scheduler.development.js:256:34)
    at flushWork (webpack-internal:///(app-pages-browser)/./node_modules/next/dist/compiled/scheduler/cjs/scheduler.development.js:225:14)
    at MessagePort.performWorkUntilDeadline (webpack-internal:///(app-pages-browser)/./node_modules/next/dist/compiled/scheduler/cjs/scheduler.development.js:534:21)
[  429149ms] ReferenceError: Legend is not defined
    at PriceChart (webpack-internal:///(app-pages-browser)/./components/PriceChart.tsx:526:105)
    at renderWithHooks (webpack-internal:///(app-pages-browser)/./node_modules/next/dist/compiled/react-dom/cjs/react-dom.development.js:11121:18)
    at updateFunctionComponent (webpack-internal:///(app-pages-browser)/./node_modules/next/dist/compiled/react-dom/cjs/react-dom.development.js:16290:20)
    at beginWork$1 (webpack-internal:///(app-pages-browser)/./node_modules/next/dist/compiled/react-dom/cjs/react-dom.development.js:18472:16)
    at beginWork (webpack-internal:///(app-pages-browser)/./node_modules/next/dist/compiled/react-dom/cjs/react-dom.development.js:26927:14)
    at performUnitOfWork (webpack-internal:///(app-pages-browser)/./node_modules/next/dist/compiled/react-dom/cjs/react-dom.development.js:25748:12)
    at workLoopSync (webpack-internal:///(app-pages-browser)/./node_modules/next/dist/compiled/react-dom/cjs/react-dom.development.js:25464:5)
    at renderRootSync (webpack-internal:///(app-pages-browser)/./node_modules/next/dist/compiled/react-dom/cjs/react-dom.development.js:25419:7)
    at recoverFromConcurrentError (webpack-internal:///(app-pages-browser)/./node_modules/next/dist/compiled/react-dom/cjs/react-dom.development.js:24597:20)
    at performConcurrentWorkOnRoot (webpack-internal:///(app-pages-browser)/./node_modules/next/dist/compiled/react-dom/cjs/react-dom.development.js:24542:26)
    at workLoop (webpack-internal:///(app-pages-browser)/./node_modules/next/dist/compiled/scheduler/cjs/scheduler.development.js:256:34)
    at flushWork (webpack-internal:///(app-pages-browser)/./node_modules/next/dist/compiled/scheduler/cjs/scheduler.development.js:225:14)
    at MessagePort.performWorkUntilDeadline (webpack-internal:///(app-pages-browser)/./node_modules/next/dist/compiled/scheduler/cjs/scheduler.development.js:534:21)
[  429149ms] [ERROR] The above error occurred in the <NotFoundErrorBoundary> component:

    at PriceChart (webpack-internal:///(app-pages-browser)/./components/PriceChart.tsx:284:11)
    at div
    at MarketDashboard (webpack-internal:///(app-pages-browser)/./components/MarketDashboard.tsx:19:76)
    at BailoutToCSR (webpack-internal:///(app-pages-browser)/./node_modules/next/dist/shared/lib/lazy-dynamic/dynamic-bailout-to-csr.js:13:11)
    at Suspense
    at LoadableComponent (Server)
    at Suspense
    at section
    at div
    at TabShell (webpack-internal:///(app-pages-browser)/./components/TabShell.tsx:14:11)
    at div
    at HomePage (Server)
    at InnerLayoutRouter (webpack-internal:///(app-pages-browser)/./node_modules/next/dist/client/components/layout-router.js:242:11)
    at RedirectErrorBoundary (webpack-internal:///(app-pages-browser)/./node_modules/next/dist/client/components/redirect-boundary.js:74:9)
    at RedirectBoundary (webpack-internal:///(app-pages-browser)/./node_modules/next/dist/client/components/redirect-boundary.js:82:11)
    at NotFoundErrorBoundary (webpack-internal:///(app-pages-browser)/./node_modules/next/dist/client/components/not-found-boundary.js:76:9)
    at NotFoundBoundary (webpack-internal:///(app-pages-browser)/./node_modules/next/dist/client/components/not-found-boundary.js:84:11)
    at LoadingBoundary (webpack-internal:///(app-pages-browser)/./node_modules/next/dist/client/components/layout-router.js:346:11)
    at ErrorBoundary (webpack-internal:///(app-pages-browser)/./node_modules/next/dist/client/components/error-boundary.js:160:11)
    at InnerScrollAndFocusHandler (webpack-internal:///(app-pages-browser)/./node_modules/next/dist/client/components/layout-router.js:152:9)
    at ScrollAndFocusHandler (webpack-internal:///(app-pages-browser)/./node_modules/next/dist/client/components/layout-router.js:227:11)
    at RenderFromTemplateContext (webpack-internal:///(app-pages-browser)/./node_modules/next/dist/client/components/render-from-template-context.js:16:44)
    at OuterLayoutRouter (webpack-internal:///(app-pages-browser)/./node_modules/next/dist/client/components/layout-router.js:367:11)
    at body
    at html
    at RootLayout (Server)
    at RedirectErrorBoundary (webpack-internal:///(app-pages-browser)/./node_modules/next/dist/client/components/redirect-boundary.js:74:9)
    at RedirectBoundary (webpack-internal:///(app-pages-browser)/./node_modules/next/dist/client/components/redirect-boundary.js:82:11)
    at NotFoundErrorBoundary (webpack-internal:///(app-pages-browser)/./node_modules/next/dist/client/components/not-found-boundary.js:76:9)
    at NotFoundBoundary (webpack-internal:///(app-pages-browser)/./node_modules/next/dist/client/components/not-found-boundary.js:84:11)
    at DevRootNotFoundBoundary (webpack-internal:///(app-pages-browser)/./node_modules/next/dist/client/components/dev-root-not-found-boundary.js:33:11)
    at ReactDevOverlay (webpack-internal:///(app-pages-browser)/./node_modules/next/dist/client/components/react-dev-overlay/app/ReactDevOverlay.js:87:9)
    at HotReload (webpack-internal:///(app-pages-browser)/./node_modules/next/dist/client/components/react-dev-overlay/app/hot-reloader-client.js:321:11)
    at Router (webpack-internal:///(app-pages-browser)/./node_modules/next/dist/client/components/app-router.js:207:11)
    at ErrorBoundaryHandler (webpack-internal:///(app-pages-browser)/./node_modules/next/dist/client/components/error-boundary.js:113:9)
    at ErrorBoundary (webpack-internal:///(app-pages-browser)/./node_modules/next/dist/client/components/error-boundary.js:160:11)
    at AppRouter (webpack-internal:///(app-pages-browser)/./node_modules/next/dist/client/components/app-router.js:577:13)
    at ServerRoot (webpack-internal:///(app-pages-browser)/./node_modules/next/dist/client/app-index.js:112:27)
    at Root (webpack-internal:///(app-pages-browser)/./node_modules/next/dist/client/app-index.js:117:11)

React will try to recreate this component tree from scratch using the error boundary you provided, ReactDevOverlay. @ webpack-internal:///(app-pages-browser)/./node_modules/next/dist/client/app-index.js:32
[  443711ms] [LOG] [Fast Refresh] rebuilding @ webpack-internal:///(app-pages-browser)/./node_modules/next/dist/client/components/react-dev-overlay/app/hot-reloader-client.js:186
[  443847ms] [WARNING] [Fast Refresh] performing full reload because your application had an unrecoverable error @ webpack-internal:///(app-pages-browser)/./node_modules/next/dist/client/components/react-dev-overlay/app/hot-reloader-client.js:114
[  444121ms] [INFO] %cDownload the React DevTools for a better development experience: https://reactjs.org/link/react-devtools font-weight:bold @ webpack-internal:///(app-pages-browser)/./node_modules/next/dist/compiled/react-dom/cjs/react-dom.development.js:38559
[  444493ms] [ERROR] Warning: Cannot update a component (`%s`) while rendering a different component (`%s`). To locate the bad setState() call inside `%s`, follow the stack trace as described in https://reactjs.org/link/setstate-in-render%s HotReload PriceChart PriceChart 
    at PriceChart (webpack-internal:///(app-pages-browser)/./components/PriceChart.tsx:284:11)
    at div
    at MarketDashboard (webpack-internal:///(app-pages-browser)/./components/MarketDashboard.tsx:19:76)
    at BailoutToCSR (webpack-internal:///(app-pages-browser)/./node_modules/next/dist/shared/lib/lazy-dynamic/dynamic-bailout-to-csr.js:13:11)
    at Suspense
    at LoadableComponent (Server)
    at Suspense
    at section
    at div
    at TabShell (webpack-internal:///(app-pages-browser)/./components/TabShell.tsx:14:11)
    at div
    at HomePage (Server)
    at InnerLayoutRouter (webpack-internal:///(app-pages-browser)/./node_modules/next/dist/client/components/layout-router.js:242:11)
    at RedirectErrorBoundary (webpack-internal:///(app-pages-browser)/./node_modules/next/dist/client/components/redirect-boundary.js:74:9)
    at RedirectBoundary (webpack-internal:///(app-pages-browser)/./node_modules/next/dist/client/components/redirect-boundary.js:82:11)
    at NotFoundErrorBoundary (webpack-internal:///(app-pages-browser)/./node_modules/next/dist/client/components/not-found-boundary.js:76:9)
    at NotFoundBoundary (webpack-internal:///(app-pages-browser)/./node_modules/next/dist/client/components/not-found-boundary.js:84:11)
    at LoadingBoundary (webpack-internal:///(app-pages-browser)/./node_modules/next/dist/client/components/layout-router.js:346:11)
    at ErrorBoundary (webpack-internal:///(app-pages-browser)/./node_modules/next/dist/client/components/error-boundary.js:160:11)
    at InnerScrollAndFocusHandler (webpack-internal:///(app-pages-browser)/./node_modules/next/dist/client/components/layout-router.js:152:9)
    at ScrollAndFocusHandler (webpack-internal:///(app-pages-browser)/./node_modules/next/dist/client/components/layout-router.js:227:11)
    at RenderFromTemplateContext (webpack-internal:///(app-pages-browser)/./node_modules/next/dist/client/components/render-from-template-context.js:16:44)
    at OuterLayoutRouter (webpack-internal:///(app-pages-browser)/./node_modules/next/dist/client/components/layout-router.js:367:11)
    at body
    at html
    at RootLayout (Server)
    at RedirectErrorBoundary (webpack-internal:///(app-pages-browser)/./node_modules/next/dist/client/components/redirect-boundary.js:74:9)
    at RedirectBoundary (webpack-internal:///(app-pages-browser)/./node_modules/next/dist/client/components/redirect-boundary.js:82:11)
    at NotFoundErrorBoundary (webpack-internal:///(app-pages-browser)/./node_modules/next/dist/client/components/not-found-boundary.js:76:9)
    at NotFoundBoundary (webpack-internal:///(app-pages-browser)/./node_modules/next/dist/client/components/not-found-boundary.js:84:11)
    at DevRootNotFoundBoundary (webpack-internal:///(app-pages-browser)/./node_modules/next/dist/client/components/dev-root-not-found-boundary.js:33:11)
    at ReactDevOverlay (webpack-internal:///(app-pages-browser)/./node_modules/next/dist/client/components/react-dev-overlay/app/ReactDevOverlay.js:87:9)
    at HotReload (webpack-internal:///(app-pages-browser)/./node_modules/next/dist/client/components/react-dev-overlay/app/hot-reloader-client.js:321:11)
    at Router (webpack-internal:///(app-pages-browser)/./node_modules/next/dist/client/components/app-router.js:207:11)
    at ErrorBoundaryHandler (webpack-internal:///(app-pages-browser)/./node_modules/next/dist/client/components/error-boundary.js:113:9)
    at ErrorBoundary (webpack-internal:///(app-pages-browser)/./node_modules/next/dist/client/components/error-boundary.js:160:11)
    at AppRouter (webpack-internal:///(app-pages-browser)/./node_modules/next/dist/client/components/app-router.js:577:13)
    at ServerRoot (webpack-internal:///(app-pages-browser)/./node_modules/next/dist/client/app-index.js:112:27)
    at Root (webpack-internal:///(app-pages-browser)/./node_modules/next/dist/client/app-index.js:117:11) @ webpack-internal:///(app-pages-browser)/./node_modules/next/dist/client/app-index.js:32
[  444493ms] ReferenceError: Legend is not defined
    at PriceChart (webpack-internal:///(app-pages-browser)/./components/PriceChart.tsx:493:105)
    at renderWithHooks (webpack-internal:///(app-pages-browser)/./node_modules/next/dist/compiled/react-dom/cjs/react-dom.development.js:11121:18)
    at updateFunctionComponent (webpack-internal:///(app-pages-browser)/./node_modules/next/dist/compiled/react-dom/cjs/react-dom.development.js:16290:20)
    at beginWork$1 (webpack-internal:///(app-pages-browser)/./node_modules/next/dist/compiled/react-dom/cjs/react-dom.development.js:18472:16)
    at HTMLUnknownElement.callCallback (webpack-internal:///(app-pages-browser)/./node_modules/next/dist/compiled/react-dom/cjs/react-dom.development.js:20565:14)
    at Object.invokeGuardedCallbackImpl (webpack-internal:///(app-pages-browser)/./node_modules/next/dist/compiled/react-dom/cjs/react-dom.development.js:20614:16)
    at invokeGuardedCallback (webpack-internal:///(app-pages-browser)/./node_modules/next/dist/compiled/react-dom/cjs/react-dom.development.js:20689:29)
    at beginWork (webpack-internal:///(app-pages-browser)/./node_modules/next/dist/compiled/react-dom/cjs/react-dom.development.js:26949:7)
    at performUnitOfWork (webpack-internal:///(app-pages-browser)/./node_modules/next/dist/compiled/react-dom/cjs/react-dom.development.js:25748:12)
    at workLoopSync (webpack-internal:///(app-pages-browser)/./node_modules/next/dist/compiled/react-dom/cjs/react-dom.development.js:25464:5)
    at renderRootSync (webpack-internal:///(app-pages-browser)/./node_modules/next/dist/compiled/react-dom/cjs/react-dom.development.js:25419:7)
    at performConcurrentWorkOnRoot (webpack-internal:///(app-pages-browser)/./node_modules/next/dist/compiled/react-dom/cjs/react-dom.development.js:24504:74)
    at workLoop (webpack-internal:///(app-pages-browser)/./node_modules/next/dist/compiled/scheduler/cjs/scheduler.development.js:256:34)
    at flushWork (webpack-internal:///(app-pages-browser)/./node_modules/next/dist/compiled/scheduler/cjs/scheduler.development.js:225:14)
    at MessagePort.performWorkUntilDeadline (webpack-internal:///(app-pages-browser)/./node_modules/next/dist/compiled/scheduler/cjs/scheduler.development.js:534:21)
[  444493ms] ReferenceError: Legend is not defined
    at PriceChart (webpack-internal:///(app-pages-browser)/./components/PriceChart.tsx:493:105)
    at renderWithHooks (webpack-internal:///(app-pages-browser)/./node_modules/next/dist/compiled/react-dom/cjs/react-dom.development.js:11121:18)
    at updateFunctionComponent (webpack-internal:///(app-pages-browser)/./node_modules/next/dist/compiled/react-dom/cjs/react-dom.development.js:16290:20)
    at beginWork$1 (webpack-internal:///(app-pages-browser)/./node_modules/next/dist/compiled/react-dom/cjs/react-dom.development.js:18472:16)
    at beginWork (webpack-internal:///(app-pages-browser)/./node_modules/next/dist/compiled/react-dom/cjs/react-dom.development.js:26927:14)
    at performUnitOfWork (webpack-internal:///(app-pages-browser)/./node_modules/next/dist/compiled/react-dom/cjs/react-dom.development.js:25748:12)
    at workLoopSync (webpack-internal:///(app-pages-browser)/./node_modules/next/dist/compiled/react-dom/cjs/react-dom.development.js:25464:5)
    at renderRootSync (webpack-internal:///(app-pages-browser)/./node_modules/next/dist/compiled/react-dom/cjs/react-dom.development.js:25419:7)
    at performConcurrentWorkOnRoot (webpack-internal:///(app-pages-browser)/./node_modules/next/dist/compiled/react-dom/cjs/react-dom.development.js:24504:74)
    at workLoop (webpack-internal:///(app-pages-browser)/./node_modules/next/dist/compiled/scheduler/cjs/scheduler.development.js:256:34)
    at flushWork (webpack-internal:///(app-pages-browser)/./node_modules/next/dist/compiled/scheduler/cjs/scheduler.development.js:225:14)
    at MessagePort.performWorkUntilDeadline (webpack-internal:///(app-pages-browser)/./node_modules/next/dist/compiled/scheduler/cjs/scheduler.development.js:534:21)
[  444493ms] ReferenceError: Legend is not defined
    at PriceChart (webpack-internal:///(app-pages-browser)/./components/PriceChart.tsx:493:105)
    at renderWithHooks (webpack-internal:///(app-pages-browser)/./node_modules/next/dist/compiled/react-dom/cjs/react-dom.development.js:11121:18)
    at updateFunctionComponent (webpack-internal:///(app-pages-browser)/./node_modules/next/dist/compiled/react-dom/cjs/react-dom.development.js:16290:20)
    at beginWork$1 (webpack-internal:///(app-pages-browser)/./node_modules/next/dist/compiled/react-dom/cjs/react-dom.development.js:18472:16)
    at beginWork (webpack-internal:///(app-pages-browser)/./node_modules/next/dist/compiled/react-dom/cjs/react-dom.development.js:26927:14)
    at performUnitOfWork (webpack-internal:///(app-pages-browser)/./node_modules/next/dist/compiled/react-dom/cjs/react-dom.development.js:25748:12)
    at workLoopSync (webpack-internal:///(app-pages-browser)/./node_modules/next/dist/compiled/react-dom/cjs/react-dom.development.js:25464:5)
    at renderRootSync (webpack-internal:///(app-pages-browser)/./node_modules/next/dist/compiled/react-dom/cjs/react-dom.development.js:25419:7)
    at performConcurrentWorkOnRoot (webpack-internal:///(app-pages-browser)/./node_modules/next/dist/compiled/react-dom/cjs/react-dom.development.js:24504:74)
    at workLoop (webpack-internal:///(app-pages-browser)/./node_modules/next/dist/compiled/scheduler/cjs/scheduler.development.js:256:34)
    at flushWork (webpack-internal:///(app-pages-browser)/./node_modules/next/dist/compiled/scheduler/cjs/scheduler.development.js:225:14)
    at MessagePort.performWorkUntilDeadline (webpack-internal:///(app-pages-browser)/./node_modules/next/dist/compiled/scheduler/cjs/scheduler.development.js:534:21)
[  444493ms] ReferenceError: Legend is not defined
    at PriceChart (webpack-internal:///(app-pages-browser)/./components/PriceChart.tsx:493:105)
    at renderWithHooks (webpack-internal:///(app-pages-browser)/./node_modules/next/dist/compiled/react-dom/cjs/react-dom.development.js:11121:18)
    at updateFunctionComponent (webpack-internal:///(app-pages-browser)/./node_modules/next/dist/compiled/react-dom/cjs/react-dom.development.js:16290:20)
    at beginWork$1 (webpack-internal:///(app-pages-browser)/./node_modules/next/dist/compiled/react-dom/cjs/react-dom.development.js:18472:16)
    at beginWork (webpack-internal:///(app-pages-browser)/./node_modules/next/dist/compiled/react-dom/cjs/react-dom.development.js:26927:14)
    at performUnitOfWork (webpack-internal:///(app-pages-browser)/./node_modules/next/dist/compiled/react-dom/cjs/react-dom.development.js:25748:12)
    at workLoopSync (webpack-internal:///(app-pages-browser)/./node_modules/next/dist/compiled/react-dom/cjs/react-dom.development.js:25464:5)
    at renderRootSync (webpack-internal:///(app-pages-browser)/./node_modules/next/dist/compiled/react-dom/cjs/react-dom.development.js:25419:7)
    at performConcurrentWorkOnRoot (webpack-internal:///(app-pages-browser)/./node_modules/next/dist/compiled/react-dom/cjs/react-dom.development.js:24504:74)
    at workLoop (webpack-internal:///(app-pages-browser)/./node_modules/next/dist/compiled/scheduler/cjs/scheduler.development.js:256:34)
    at flushWork (webpack-internal:///(app-pages-browser)/./node_modules/next/dist/compiled/scheduler/cjs/scheduler.development.js:225:14)
    at MessagePort.performWorkUntilDeadline (webpack-internal:///(app-pages-browser)/./node_modules/next/dist/compiled/scheduler/cjs/scheduler.development.js:534:21)
[  444493ms] ReferenceError: Legend is not defined
    at PriceChart (webpack-internal:///(app-pages-browser)/./components/PriceChart.tsx:493:105)
    at renderWithHooks (webpack-internal:///(app-pages-browser)/./node_modules/next/dist/compiled/react-dom/cjs/react-dom.development.js:11121:18)
    at updateFunctionComponent (webpack-internal:///(app-pages-browser)/./node_modules/next/dist/compiled/react-dom/cjs/react-dom.development.js:16290:20)
    at beginWork$1 (webpack-internal:///(app-pages-browser)/./node_modules/next/dist/compiled/react-dom/cjs/react-dom.development.js:18472:16)
    at beginWork (webpack-internal:///(app-pages-browser)/./node_modules/next/dist/compiled/react-dom/cjs/react-dom.development.js:26927:14)
    at performUnitOfWork (webpack-internal:///(app-pages-browser)/./node_modules/next/dist/compiled/react-dom/cjs/react-dom.development.js:25748:12)
    at workLoopSync (webpack-internal:///(app-pages-browser)/./node_modules/next/dist/compiled/react-dom/cjs/react-dom.development.js:25464:5)
    at renderRootSync (webpack-internal:///(app-pages-browser)/./node_modules/next/dist/compiled/react-dom/cjs/react-dom.development.js:25419:7)
    at performConcurrentWorkOnRoot (webpack-internal:///(app-pages-browser)/./node_modules/next/dist/compiled/react-dom/cjs/react-dom.development.js:24504:74)
    at workLoop (webpack-internal:///(app-pages-browser)/./node_modules/next/dist/compiled/scheduler/cjs/scheduler.development.js:256:34)
    at flushWork (webpack-internal:///(app-pages-browser)/./node_modules/next/dist/compiled/scheduler/cjs/scheduler.development.js:225:14)
    at MessagePort.performWorkUntilDeadline (webpack-internal:///(app-pages-browser)/./node_modules/next/dist/compiled/scheduler/cjs/scheduler.development.js:534:21)
[  444494ms] ReferenceError: Legend is not defined
    at PriceChart (webpack-internal:///(app-pages-browser)/./components/PriceChart.tsx:493:105)
    at renderWithHooks (webpack-internal:///(app-pages-browser)/./node_modules/next/dist/compiled/react-dom/cjs/react-dom.development.js:11121:18)
    at updateFunctionComponent (webpack-internal:///(app-pages-browser)/./node_modules/next/dist/compiled/react-dom/cjs/react-dom.development.js:16290:20)
    at beginWork$1 (webpack-internal:///(app-pages-browser)/./node_modules/next/dist/compiled/react-dom/cjs/react-dom.development.js:18472:16)
    at HTMLUnknownElement.callCallback (webpack-internal:///(app-pages-browser)/./node_modules/next/dist/compiled/react-dom/cjs/react-dom.development.js:20565:14)
    at Object.invokeGuardedCallbackImpl (webpack-internal:///(app-pages-browser)/./node_modules/next/dist/compiled/react-dom/cjs/react-dom.development.js:20614:16)
    at invokeGuardedCallback (webpack-internal:///(app-pages-browser)/./node_modules/next/dist/compiled/react-dom/cjs/react-dom.development.js:20689:29)
    at beginWork (webpack-internal:///(app-pages-browser)/./node_modules/next/dist/compiled/react-dom/cjs/react-dom.development.js:26949:7)
    at performUnitOfWork (webpack-internal:///(app-pages-browser)/./node_modules/next/dist/compiled/react-dom/cjs/react-dom.development.js:25748:12)
    at workLoopSync (webpack-internal:///(app-pages-browser)/./node_modules/next/dist/compiled/react-dom/cjs/react-dom.development.js:25464:5)
    at renderRootSync (webpack-internal:///(app-pages-browser)/./node_modules/next/dist/compiled/react-dom/cjs/react-dom.development.js:25419:7)
    at recoverFromConcurrentError (webpack-internal:///(app-pages-browser)/./node_modules/next/dist/compiled/react-dom/cjs/react-dom.development.js:24597:20)
    at performConcurrentWorkOnRoot (webpack-internal:///(app-pages-browser)/./node_modules/next/dist/compiled/react-dom/cjs/react-dom.development.js:24542:26)
    at workLoop (webpack-internal:///(app-pages-browser)/./node_modules/next/dist/compiled/scheduler/cjs/scheduler.development.js:256:34)
    at flushWork (webpack-internal:///(app-pages-browser)/./node_modules/next/dist/compiled/scheduler/cjs/scheduler.development.js:225:14)
    at MessagePort.performWorkUntilDeadline (webpack-internal:///(app-pages-browser)/./node_modules/next/dist/compiled/scheduler/cjs/scheduler.development.js:534:21)
[  444494ms] ReferenceError: Legend is not defined
    at PriceChart (webpack-internal:///(app-pages-browser)/./components/PriceChart.tsx:493:105)
    at renderWithHooks (webpack-internal:///(app-pages-browser)/./node_modules/next/dist/compiled/react-dom/cjs/react-dom.development.js:11121:18)
    at updateFunctionComponent (webpack-internal:///(app-pages-browser)/./node_modules/next/dist/compiled/react-dom/cjs/react-dom.development.js:16290:20)
    at beginWork$1 (webpack-internal:///(app-pages-browser)/./node_modules/next/dist/compiled/react-dom/cjs/react-dom.development.js:18472:16)
    at beginWork (webpack-internal:///(app-pages-browser)/./node_modules/next/dist/compiled/react-dom/cjs/react-dom.development.js:26927:14)
    at performUnitOfWork (webpack-internal:///(app-pages-browser)/./node_modules/next/dist/compiled/react-dom/cjs/react-dom.development.js:25748:12)
    at workLoopSync (webpack-internal:///(app-pages-browser)/./node_modules/next/dist/compiled/react-dom/cjs/react-dom.development.js:25464:5)
    at renderRootSync (webpack-internal:///(app-pages-browser)/./node_modules/next/dist/compiled/react-dom/cjs/react-dom.development.js:25419:7)
    at recoverFromConcurrentError (webpack-internal:///(app-pages-browser)/./node_modules/next/dist/compiled/react-dom/cjs/react-dom.development.js:24597:20)
    at performConcurrentWorkOnRoot (webpack-internal:///(app-pages-browser)/./node_modules/next/dist/compiled/react-dom/cjs/react-dom.development.js:24542:26)
    at workLoop (webpack-internal:///(app-pages-browser)/./node_modules/next/dist/compiled/scheduler/cjs/scheduler.development.js:256:34)
    at flushWork (webpack-internal:///(app-pages-browser)/./node_modules/next/dist/compiled/scheduler/cjs/scheduler.development.js:225:14)
    at MessagePort.performWorkUntilDeadline (webpack-internal:///(app-pages-browser)/./node_modules/next/dist/compiled/scheduler/cjs/scheduler.development.js:534:21)
[  444494ms] ReferenceError: Legend is not defined
    at PriceChart (webpack-internal:///(app-pages-browser)/./components/PriceChart.tsx:493:105)
    at renderWithHooks (webpack-internal:///(app-pages-browser)/./node_modules/next/dist/compiled/react-dom/cjs/react-dom.development.js:11121:18)
    at updateFunctionComponent (webpack-internal:///(app-pages-browser)/./node_modules/next/dist/compiled/react-dom/cjs/react-dom.development.js:16290:20)
    at beginWork$1 (webpack-internal:///(app-pages-browser)/./node_modules/next/dist/compiled/react-dom/cjs/react-dom.development.js:18472:16)
    at beginWork (webpack-internal:///(app-pages-browser)/./node_modules/next/dist/compiled/react-dom/cjs/react-dom.development.js:26927:14)
    at performUnitOfWork (webpack-internal:///(app-pages-browser)/./node_modules/next/dist/compiled/react-dom/cjs/react-dom.development.js:25748:12)
    at workLoopSync (webpack-internal:///(app-pages-browser)/./node_modules/next/dist/compiled/react-dom/cjs/react-dom.development.js:25464:5)
    at renderRootSync (webpack-internal:///(app-pages-browser)/./node_modules/next/dist/compiled/react-dom/cjs/react-dom.development.js:25419:7)
    at recoverFromConcurrentError (webpack-internal:///(app-pages-browser)/./node_modules/next/dist/compiled/react-dom/cjs/react-dom.development.js:24597:20)
    at performConcurrentWorkOnRoot (webpack-internal:///(app-pages-browser)/./node_modules/next/dist/compiled/react-dom/cjs/react-dom.development.js:24542:26)
    at workLoop (webpack-internal:///(app-pages-browser)/./node_modules/next/dist/compiled/scheduler/cjs/scheduler.development.js:256:34)
    at flushWork (webpack-internal:///(app-pages-browser)/./node_modules/next/dist/compiled/scheduler/cjs/scheduler.development.js:225:14)
    at MessagePort.performWorkUntilDeadline (webpack-internal:///(app-pages-browser)/./node_modules/next/dist/compiled/scheduler/cjs/scheduler.development.js:534:21)
[  444494ms] ReferenceError: Legend is not defined
    at PriceChart (webpack-internal:///(app-pages-browser)/./components/PriceChart.tsx:493:105)
    at renderWithHooks (webpack-internal:///(app-pages-browser)/./node_modules/next/dist/compiled/react-dom/cjs/react-dom.development.js:11121:18)
    at updateFunctionComponent (webpack-internal:///(app-pages-browser)/./node_modules/next/dist/compiled/react-dom/cjs/react-dom.development.js:16290:20)
    at beginWork$1 (webpack-internal:///(app-pages-browser)/./node_modules/next/dist/compiled/react-dom/cjs/react-dom.development.js:18472:16)
    at beginWork (webpack-internal:///(app-pages-browser)/./node_modules/next/dist/compiled/react-dom/cjs/react-dom.development.js:26927:14)
    at performUnitOfWork (webpack-internal:///(app-pages-browser)/./node_modules/next/dist/compiled/react-dom/cjs/react-dom.development.js:25748:12)
    at workLoopSync (webpack-internal:///(app-pages-browser)/./node_modules/next/dist/compiled/react-dom/cjs/react-dom.development.js:25464:5)
    at renderRootSync (webpack-internal:///(app-pages-browser)/./node_modules/next/dist/compiled/react-dom/cjs/react-dom.development.js:25419:7)
    at recoverFromConcurrentError (webpack-internal:///(app-pages-browser)/./node_modules/next/dist/compiled/react-dom/cjs/react-dom.development.js:24597:20)
    at performConcurrentWorkOnRoot (webpack-internal:///(app-pages-browser)/./node_modules/next/dist/compiled/react-dom/cjs/react-dom.development.js:24542:26)
    at workLoop (webpack-internal:///(app-pages-browser)/./node_modules/next/dist/compiled/scheduler/cjs/scheduler.development.js:256:34)
    at flushWork (webpack-internal:///(app-pages-browser)/./node_modules/next/dist/compiled/scheduler/cjs/scheduler.development.js:225:14)
    at MessagePort.performWorkUntilDeadline (webpack-internal:///(app-pages-browser)/./node_modules/next/dist/compiled/scheduler/cjs/scheduler.development.js:534:21)
[  444494ms] ReferenceError: Legend is not defined
    at PriceChart (webpack-internal:///(app-pages-browser)/./components/PriceChart.tsx:493:105)
    at renderWithHooks (webpack-internal:///(app-pages-browser)/./node_modules/next/dist/compiled/react-dom/cjs/react-dom.development.js:11121:18)
    at updateFunctionComponent (webpack-internal:///(app-pages-browser)/./node_modules/next/dist/compiled/react-dom/cjs/react-dom.development.js:16290:20)
    at beginWork$1 (webpack-internal:///(app-pages-browser)/./node_modules/next/dist/compiled/react-dom/cjs/react-dom.development.js:18472:16)
    at beginWork (webpack-internal:///(app-pages-browser)/./node_modules/next/dist/compiled/react-dom/cjs/react-dom.development.js:26927:14)
    at performUnitOfWork (webpack-internal:///(app-pages-browser)/./node_modules/next/dist/compiled/react-dom/cjs/react-dom.development.js:25748:12)
    at workLoopSync (webpack-internal:///(app-pages-browser)/./node_modules/next/dist/compiled/react-dom/cjs/react-dom.development.js:25464:5)
    at renderRootSync (webpack-internal:///(app-pages-browser)/./node_modules/next/dist/compiled/react-dom/cjs/react-dom.development.js:25419:7)
    at recoverFromConcurrentError (webpack-internal:///(app-pages-browser)/./node_modules/next/dist/compiled/react-dom/cjs/react-dom.development.js:24597:20)
    at performConcurrentWorkOnRoot (webpack-internal:///(app-pages-browser)/./node_modules/next/dist/compiled/react-dom/cjs/react-dom.development.js:24542:26)
    at workLoop (webpack-internal:///(app-pages-browser)/./node_modules/next/dist/compiled/scheduler/cjs/scheduler.development.js:256:34)
    at flushWork (webpack-internal:///(app-pages-browser)/./node_modules/next/dist/compiled/scheduler/cjs/scheduler.development.js:225:14)
    at MessagePort.performWorkUntilDeadline (webpack-internal:///(app-pages-browser)/./node_modules/next/dist/compiled/scheduler/cjs/scheduler.development.js:534:21)
[  444495ms] [ERROR] The above error occurred in the <NotFoundErrorBoundary> component:

    at PriceChart (webpack-internal:///(app-pages-browser)/./components/PriceChart.tsx:284:11)
    at div
    at MarketDashboard (webpack-internal:///(app-pages-browser)/./components/MarketDashboard.tsx:19:76)
    at BailoutToCSR (webpack-internal:///(app-pages-browser)/./node_modules/next/dist/shared/lib/lazy-dynamic/dynamic-bailout-to-csr.js:13:11)
    at Suspense
    at LoadableComponent (Server)
    at Suspense
    at section
    at div
    at TabShell (webpack-internal:///(app-pages-browser)/./components/TabShell.tsx:14:11)
    at div
    at HomePage (Server)
    at InnerLayoutRouter (webpack-internal:///(app-pages-browser)/./node_modules/next/dist/client/components/layout-router.js:242:11)
    at RedirectErrorBoundary (webpack-internal:///(app-pages-browser)/./node_modules/next/dist/client/components/redirect-boundary.js:74:9)
    at RedirectBoundary (webpack-internal:///(app-pages-browser)/./node_modules/next/dist/client/components/redirect-boundary.js:82:11)
    at NotFoundErrorBoundary (webpack-internal:///(app-pages-browser)/./node_modules/next/dist/client/components/not-found-boundary.js:76:9)
    at NotFoundBoundary (webpack-internal:///(app-pages-browser)/./node_modules/next/dist/client/components/not-found-boundary.js:84:11)
    at LoadingBoundary (webpack-internal:///(app-pages-browser)/./node_modules/next/dist/client/components/layout-router.js:346:11)
    at ErrorBoundary (webpack-internal:///(app-pages-browser)/./node_modules/next/dist/client/components/error-boundary.js:160:11)
    at InnerScrollAndFocusHandler (webpack-internal:///(app-pages-browser)/./node_modules/next/dist/client/components/layout-router.js:152:9)
    at ScrollAndFocusHandler (webpack-internal:///(app-pages-browser)/./node_modules/next/dist/client/components/layout-router.js:227:11)
    at RenderFromTemplateContext (webpack-internal:///(app-pages-browser)/./node_modules/next/dist/client/components/render-from-template-context.js:16:44)
    at OuterLayoutRouter (webpack-internal:///(app-pages-browser)/./node_modules/next/dist/client/components/layout-router.js:367:11)
    at body
    at html
    at RootLayout (Server)
    at RedirectErrorBoundary (webpack-internal:///(app-pages-browser)/./node_modules/next/dist/client/components/redirect-boundary.js:74:9)
    at RedirectBoundary (webpack-internal:///(app-pages-browser)/./node_modules/next/dist/client/components/redirect-boundary.js:82:11)
    at NotFoundErrorBoundary (webpack-internal:///(app-pages-browser)/./node_modules/next/dist/client/components/not-found-boundary.js:76:9)
    at NotFoundBoundary (webpack-internal:///(app-pages-browser)/./node_modules/next/dist/client/components/not-found-boundary.js:84:11)
    at DevRootNotFoundBoundary (webpack-internal:///(app-pages-browser)/./node_modules/next/dist/client/components/dev-root-not-found-boundary.js:33:11)
    at ReactDevOverlay (webpack-internal:///(app-pages-browser)/./node_modules/next/dist/client/components/react-dev-overlay/app/ReactDevOverlay.js:87:9)
    at HotReload (webpack-internal:///(app-pages-browser)/./node_modules/next/dist/client/components/react-dev-overlay/app/hot-reloader-client.js:321:11)
    at Router (webpack-internal:///(app-pages-browser)/./node_modules/next/dist/client/components/app-router.js:207:11)
    at ErrorBoundaryHandler (webpack-internal:///(app-pages-browser)/./node_modules/next/dist/client/components/error-boundary.js:113:9)
    at ErrorBoundary (webpack-internal:///(app-pages-browser)/./node_modules/next/dist/client/components/error-boundary.js:160:11)
    at AppRouter (webpack-internal:///(app-pages-browser)/./node_modules/next/dist/client/components/app-router.js:577:13)
    at ServerRoot (webpack-internal:///(app-pages-browser)/./node_modules/next/dist/client/app-index.js:112:27)
    at Root (webpack-internal:///(app-pages-browser)/./node_modules/next/dist/client/app-index.js:117:11)

React will try to recreate this component tree from scratch using the error boundary you provided, ReactDevOverlay. @ webpack-internal:///(app-pages-browser)/./node_modules/next/dist/client/app-index.js:32
[  451066ms] [LOG] [Fast Refresh] rebuilding @ webpack-internal:///(app-pages-browser)/./node_modules/next/dist/client/components/react-dev-overlay/app/hot-reloader-client.js:186
[  451210ms] [WARNING] [Fast Refresh] performing full reload because your application had an unrecoverable error @ webpack-internal:///(app-pages-browser)/./node_modules/next/dist/client/components/react-dev-overlay/app/hot-reloader-client.js:114
[  451562ms] [INFO] %cDownload the React DevTools for a better development experience: https://reactjs.org/link/react-devtools font-weight:bold @ webpack-internal:///(app-pages-browser)/./node_modules/next/dist/compiled/react-dom/cjs/react-dom.development.js:38559
[  451907ms] [WARNING] The width(0) and height(0) of chart should be greater than 0,
       please check the style of container, or the props width(100%) and height(100%),
       or add a minWidth(0) or minHeight(undefined) or use aspect(undefined) to control the
       height and width. @ webpack-internal:///(app-pages-browser)/./node_modules/recharts/es6/util/LogUtils.js:18
[  451908ms] [WARNING] The width(0) and height(0) of chart should be greater than 0,
       please check the style of container, or the props width(100%) and height(100%),
       or add a minWidth(0) or minHeight(undefined) or use aspect(undefined) to control the
       height and width. @ webpack-internal:///(app-pages-browser)/./node_modules/recharts/es6/util/LogUtils.js:18
[  451910ms] [WARNING] The width(0) and height(0) of chart should be greater than 0,
       please check the style of container, or the props width(100%) and height(100%),
       or add a minWidth(0) or minHeight(undefined) or use aspect(undefined) to control the
       height and width. @ webpack-internal:///(app-pages-browser)/./node_modules/recharts/es6/util/LogUtils.js:18
[  451910ms] [WARNING] The width(0) and height(0) of chart should be greater than 0,
       please check the style of container, or the props width(100%) and height(100%),
       or add a minWidth(0) or minHeight(undefined) or use aspect(undefined) to control the
       height and width. @ webpack-internal:///(app-pages-browser)/./node_modules/recharts/es6/util/LogUtils.js:18
[  452194ms] [WARNING] The width(0) and height(0) of chart should be greater than 0,
       please check the style of container, or the props width(100%) and height(100%),
       or add a minWidth(0) or minHeight(undefined) or use aspect(undefined) to control the
       height and width. @ webpack-internal:///(app-pages-browser)/./node_modules/recharts/es6/util/LogUtils.js:18
[  452194ms] [WARNING] The width(0) and height(0) of chart should be greater than 0,
       please check the style of container, or the props width(100%) and height(100%),
       or add a minWidth(0) or minHeight(undefined) or use aspect(undefined) to control the
       height and width. @ webpack-internal:///(app-pages-browser)/./node_modules/recharts/es6/util/LogUtils.js:18
[  452194ms] [WARNING] The width(0) and height(0) of chart should be greater than 0,
       please check the style of container, or the props width(100%) and height(100%),
       or add a minWidth(0) or minHeight(undefined) or use aspect(undefined) to control the
       height and width. @ webpack-internal:///(app-pages-browser)/./node_modules/recharts/es6/util/LogUtils.js:18
[  452194ms] [WARNING] The width(0) and height(0) of chart should be greater than 0,
       please check the style of container, or the props width(100%) and height(100%),
       or add a minWidth(0) or minHeight(undefined) or use aspect(undefined) to control the
       height and width. @ webpack-internal:///(app-pages-browser)/./node_modules/recharts/es6/util/LogUtils.js:18
[  452197ms] [WARNING] The width(0) and height(0) of chart should be greater than 0,
       please check the style of container, or the props width(100%) and height(100%),
       or add a minWidth(0) or minHeight(undefined) or use aspect(undefined) to control the
       height and width. @ webpack-internal:///(app-pages-browser)/./node_modules/recharts/es6/util/LogUtils.js:18
[  452197ms] [WARNING] The width(0) and height(0) of chart should be greater than 0,
       please check the style of container, or the props width(100%) and height(100%),
       or add a minWidth(0) or minHeight(undefined) or use aspect(undefined) to control the
       height and width. @ webpack-internal:///(app-pages-browser)/./node_modules/recharts/es6/util/LogUtils.js:18
[  452198ms] [WARNING] The width(0) and height(0) of chart should be greater than 0,
       please check the style of container, or the props width(100%) and height(100%),
       or add a minWidth(0) or minHeight(undefined) or use aspect(undefined) to control the
       height and width. @ webpack-internal:///(app-pages-browser)/./node_modules/recharts/es6/util/LogUtils.js:18
[  452198ms] [WARNING] The width(0) and height(0) of chart should be greater than 0,
       please check the style of container, or the props width(100%) and height(100%),
       or add a minWidth(0) or minHeight(undefined) or use aspect(undefined) to control the
       height and width. @ webpack-internal:///(app-pages-browser)/./node_modules/recharts/es6/util/LogUtils.js:18
[  464385ms] [LOG] [Fast Refresh] rebuilding @ webpack-internal:///(app-pages-browser)/./node_modules/next/dist/client/components/react-dev-overlay/app/hot-reloader-client.js:186
[  464781ms] [LOG] [Fast Refresh] done in 397ms @ webpack-internal:///(app-pages-browser)/./node_modules/next/dist/client/components/react-dev-overlay/app/hot-reloader-client.js:43
[  465093ms] [WARNING] The width(0) and height(0) of chart should be greater than 0,
       please check the style of container, or the props width(100%) and height(100%),
       or add a minWidth(0) or minHeight(undefined) or use aspect(undefined) to control the
       height and width. @ webpack-internal:///(app-pages-browser)/./node_modules/recharts/es6/util/LogUtils.js:18
[  465093ms] [WARNING] The width(0) and height(0) of chart should be greater than 0,
       please check the style of container, or the props width(100%) and height(100%),
       or add a minWidth(0) or minHeight(undefined) or use aspect(undefined) to control the
       height and width. @ webpack-internal:///(app-pages-browser)/./node_modules/recharts/es6/util/LogUtils.js:18
[  465094ms] [WARNING] The width(0) and height(0) of chart should be greater than 0,
       please check the style of container, or the props width(100%) and height(100%),
       or add a minWidth(0) or minHeight(undefined) or use aspect(undefined) to control the
       height and width. @ webpack-internal:///(app-pages-browser)/./node_modules/recharts/es6/util/LogUtils.js:18
[  465094ms] [WARNING] The width(0) and height(0) of chart should be greater than 0,
       please check the style of container, or the props width(100%) and height(100%),
       or add a minWidth(0) or minHeight(undefined) or use aspect(undefined) to control the
       height and width. @ webpack-internal:///(app-pages-browser)/./node_modules/recharts/es6/util/LogUtils.js:18
[  465098ms] [WARNING] The width(0) and height(0) of chart should be greater than 0,
       please check the style of container, or the props width(100%) and height(100%),
       or add a minWidth(0) or minHeight(undefined) or use aspect(undefined) to control the
       height and width. @ webpack-internal:///(app-pages-browser)/./node_modules/recharts/es6/util/LogUtils.js:18
[  465098ms] [WARNING] The width(0) and height(0) of chart should be greater than 0,
       please check the style of container, or the props width(100%) and height(100%),
       or add a minWidth(0) or minHeight(undefined) or use aspect(undefined) to control the
       height and width. @ webpack-internal:///(app-pages-browser)/./node_modules/recharts/es6/util/LogUtils.js:18
[  465098ms] [WARNING] The width(0) and height(0) of chart should be greater than 0,
       please check the style of container, or the props width(100%) and height(100%),
       or add a minWidth(0) or minHeight(undefined) or use aspect(undefined) to control the
       height and width. @ webpack-internal:///(app-pages-browser)/./node_modules/recharts/es6/util/LogUtils.js:18
[  465098ms] [WARNING] The width(0) and height(0) of chart should be greater than 0,
       please check the style of container, or the props width(100%) and height(100%),
       or add a minWidth(0) or minHeight(undefined) or use aspect(undefined) to control the
       height and width. @ webpack-internal:///(app-pages-browser)/./node_modules/recharts/es6/util/LogUtils.js:18
